-- --------------------------------------------------------
-- Host:                         wan
-- Versión del servidor:         5.5.65-MariaDB - MariaDB Server
-- SO del servidor:              Linux
-- HeidiSQL Versión:             10.1.0.5464
-- --------------------------------------------------------

/*!40101 SET @OLD_CHARACTER_SET_CLIENT=@@CHARACTER_SET_CLIENT */;
/*!40101 SET NAMES utf8 */;
/*!50503 SET NAMES utf8mb4 */;
/*!40014 SET @OLD_FOREIGN_KEY_CHECKS=@@FOREIGN_KEY_CHECKS, FOREIGN_KEY_CHECKS=0 */;
/*!40101 SET @OLD_SQL_MODE=@@SQL_MODE, SQL_MODE='NO_AUTO_VALUE_ON_ZERO' */;

-- Volcando datos para la tabla tecnisur.CATEGORIA: ~11 rows (aproximadamente)
/*!40000 ALTER TABLE `CATEGORIA` DISABLE KEYS */;
REPLACE INTO `CATEGORIA` (`idcategoria`, `nombre`, `descripcion`, `baja`, `predeterminado`, `icono`) VALUES
	(2, 'musica', 'musica', 0, 1, NULL),
	(3, 'deporte', 'deporte', 0, 1, NULL),
	(4, 'otros', 'otros', 0, 1, NULL),
	(6, 'danza', 'danza', 0, 1, NULL),
	(7, 'teatro', 'teatro', 0, 1, NULL),
	(8, 'futbol', 'futbol', 0, 1, NULL),
	(9, 'stand up', 'stand up', 0, 1, NULL),
	(10, 'carreras', 'carreras', 0, 1, NULL),
	(11, 'cine', 'cine', 0, 1, NULL),
	(12, 'categoriadetesting', 'sadasdasda', 1, 0, NULL),
	(13, 'OtroNombre', 'descripcion', 1, 0, NULL);
/*!40000 ALTER TABLE `CATEGORIA` ENABLE KEYS */;

-- Volcando datos para la tabla tecnisur.ci_sessions: ~967 rows (aproximadamente)
/*!40000 ALTER TABLE `ci_sessions` DISABLE KEYS */;
REPLACE INTO `ci_sessions` (`id`, `ip_address`, `timestamp`, `data`) VALUES
	('01sa82hhj4cob3f3nfrth9s6bc5krgv6', '::1', 1605481889, _binary 0x5F5F63695F6C6173745F726567656E65726174657C693A313630353438313838393B),
	('02b3m11kai8befkp5lmcoiteru1m5hv3', '::1', 1605481618, _binary 0x5F5F63695F6C6173745F726567656E65726174657C693A313630353438313631383B),
	('059f6oj89d7784aiiov6p3elflfgjcmg', '::1', 1605481889, _binary 0x5F5F63695F6C6173745F726567656E65726174657C693A313630353438313838393B),
	('06bilvl40uqvc6fn90kl1p76n0kf54bh', '::1', 1605384194, _binary 0x5F5F63695F6C6173745F726567656E65726174657C693A313630353338343139343B),
	('073bp1s2p0o1lvakmtf9ous41pqkm07p', '192.168.21.3', 1605630228, _binary 0x5F5F63695F6C6173745F726567656E65726174657C693A313630353633303232383B),
	('073r0en77c92fda8ovpj6dr0g5pl9jb0', '::1', 1605481888, _binary 0x5F5F63695F6C6173745F726567656E65726174657C693A313630353438313838383B),
	('07q23mc9v67obcd52e8hh5fjsv7jjm0s', '::1', 1605481792, _binary 0x5F5F63695F6C6173745F726567656E65726174657C693A313630353438313739323B),
	('080ushsitqd7diu750453f45lm6v3m4f', '192.168.21.3', 1605483977, _binary 0x5F5F63695F6C6173745F726567656E65726174657C693A313630353438333937373B),
	('0830qupe3uk7d4vlk8pk26bhasa3pbv7', '::1', 1605146260, _binary 0x5F5F63695F6C6173745F726567656E65726174657C693A313630353134363236303B),
	('088ljeg42olhsso1n7s6a9hrjlq8hmfq', '::1', 1605144998, _binary 0x5F5F63695F6C6173745F726567656E65726174657C693A313630353134343939383B),
	('0abhk2n5kt8aj6pd29umg6hc1qv68afk', '::1', 1605384194, _binary 0x5F5F63695F6C6173745F726567656E65726174657C693A313630353338343139343B),
	('0e1sk4tec3u3a4g2g51n5nqp9sbj7hm5', '::1', 1605384194, _binary 0x5F5F63695F6C6173745F726567656E65726174657C693A313630353338343139343B),
	('0e71guenl8qnl8oi1eg464qd5qs5liee', '::1', 1605481793, _binary 0x5F5F63695F6C6173745F726567656E65726174657C693A313630353438313739333B),
	('0gmkquaijlesufs9eggjjtlt5ke7ib15', '::1', 1605629698, _binary 0x5F5F63695F6C6173745F726567656E65726174657C693A313630353632393639383B),
	('0h084kk7jl03md6anli7r2ea7v6qpugg', '192.168.21.3', 1605631858, _binary 0x5F5F63695F6C6173745F726567656E65726174657C693A313630353633313835383B),
	('0hac8snp4mvkjegvg5sb31krlbh6lsil', '::1', 1605482033, _binary 0x5F5F63695F6C6173745F726567656E65726174657C693A313630353438323033333B),
	('0ijgnjb860j0su5b5b9akvdtklebd45r', '::1', 1605144730, _binary 0x5F5F63695F6C6173745F726567656E65726174657C693A313630353134343733303B),
	('0jsvsi1d8trd2uokamfq0nb5umnps8ea', '::1', 1605146254, _binary 0x5F5F63695F6C6173745F726567656E65726174657C693A313630353134363235343B),
	('0kbdgn4n2j4fa8r3vp1gbl9rm5v9ubg7', '::1', 1605481617, _binary 0x5F5F63695F6C6173745F726567656E65726174657C693A313630353438313631373B),
	('0m03blj4gev4f4gvt5tfe2u3ebt7npm4', '::1', 1605148464, _binary 0x5F5F63695F6C6173745F726567656E65726174657C693A313630353134383436343B),
	('0mlauis9s5fvjdulqi4enighloh9lc8l', '::1', 1605144730, _binary 0x5F5F63695F6C6173745F726567656E65726174657C693A313630353134343733303B),
	('0p2sguv3lkq4jap2j8hc1518disse86i', '::1', 1605144721, _binary 0x5F5F63695F6C6173745F726567656E65726174657C693A313630353134343732313B69647573756172696F7C733A323A223232223B6C6F676561646F7C623A313B),
	('0q3npl0o30fdalumndlcr0t5ne7ocnel', '192.168.21.3', 1605639864, _binary 0x5F5F63695F6C6173745F726567656E65726174657C693A313630353633393836343B),
	('0qc25c4ijutfeqpkgltcpvfejfu7vvje', '::1', 1605384197, _binary 0x5F5F63695F6C6173745F726567656E65726174657C693A313630353338343139373B),
	('0qdql7b5v3u3k7hn36ko7nqr6bl6efs2', '::1', 1605384196, _binary 0x5F5F63695F6C6173745F726567656E65726174657C693A313630353338343139363B),
	('0qg89sn79nclu3rl5rg2p0genkv3jn0j', '::1', 1605146254, _binary 0x5F5F63695F6C6173745F726567656E65726174657C693A313630353134363235343B),
	('0rkqvuihf39ce0kkifudj3ms99ojovgb', '::1', 1605481792, _binary 0x5F5F63695F6C6173745F726567656E65726174657C693A313630353438313739323B),
	('0tf2ghr0p2vp2c4r0mkne4o8qjf3f38b', '::1', 1605385470, _binary 0x5F5F63695F6C6173745F726567656E65726174657C693A313630353338353437303B),
	('0tqicktrpmrb2t5b9ttmv9c3qgcsuunt', '::1', 1605481793, _binary 0x5F5F63695F6C6173745F726567656E65726174657C693A313630353438313739333B),
	('0vecc5th10t94rrab3n793soucluibba', '192.168.21.70', 1605652162, _binary 0x5F5F63695F6C6173745F726567656E65726174657C693A313630353635323136323B),
	('13e7a5eeqna3n5jb5ljrr3of42o4sdtn', '192.168.21.3', 1605649675, _binary 0x5F5F63695F6C6173745F726567656E65726174657C693A313630353634393637353B),
	('142m2jgvtc4qkr4tgtdkdc2714dr9h1s', '::1', 1605482081, _binary 0x5F5F63695F6C6173745F726567656E65726174657C693A313630353438323038313B),
	('14bpt8e3eop2pbruphsedioj0u43e003', '::1', 1605384196, _binary 0x5F5F63695F6C6173745F726567656E65726174657C693A313630353338343139363B),
	('14l9ujo8t5h28arsuqa36lb2bru0n6bu', '::1', 1605144775, _binary 0x5F5F63695F6C6173745F726567656E65726174657C693A313630353134343737353B),
	('14udreci99160v44u583avjasb1jke2a', '::1', 1605629698, _binary 0x5F5F63695F6C6173745F726567656E65726174657C693A313630353632393639383B),
	('16gatlg3qh43e5adtnjs9822a65rjtdt', '::1', 1605144729, _binary 0x5F5F63695F6C6173745F726567656E65726174657C693A313630353134343732393B),
	('17o3r36aq7rcjn475ocamrmuedhekkkt', '192.168.21.70', 1605217201, _binary 0x5F5F63695F6C6173745F726567656E65726174657C693A313630353231373230313B),
	('182l9os6gfvildmgplp2l1eefqsts46g', '::1', 1605481617, _binary 0x5F5F63695F6C6173745F726567656E65726174657C693A313630353438313631373B),
	('19023jiv53vt76vmvub2gc0ca8n9n7eo', '::1', 1605384194, _binary 0x5F5F63695F6C6173745F726567656E65726174657C693A313630353338343139343B),
	('19038u32m7dhkel85tbb7cv6n518t7fo', '::1', 1605144738, _binary 0x5F5F63695F6C6173745F726567656E65726174657C693A313630353134343732313B69647573756172696F7C733A323A223232223B6C6F676561646F7C623A313B),
	('1acrroatj6g9c4kp96k3pr6cfhpciv73', '::1', 1605482034, _binary 0x5F5F63695F6C6173745F726567656E65726174657C693A313630353438323033343B),
	('1ddbh8g4kfhohdfj84c33kfu6hbq3dkv', '::1', 1605146257, _binary 0x5F5F63695F6C6173745F726567656E65726174657C693A313630353134363235373B),
	('1ds0ahlbl38ahf9ikb65747a9jmbvtun', '::1', 1605146292, _binary 0x5F5F63695F6C6173745F726567656E65726174657C693A313630353134363239323B),
	('1e0k91h36bm9mor06qrm8mar134j3em9', '::1', 1605144839, _binary 0x5F5F63695F6C6173745F726567656E65726174657C693A313630353134343833393B),
	('1ja5np06i0cgmb1gk2ttq02kg38urmco', '::1', 1605144720, _binary 0x5F5F63695F6C6173745F726567656E65726174657C693A313630353134343732303B),
	('1ksq8fh47kpcq57t9nep5i8bo21o1nl4', '::1', 1605482081, _binary 0x5F5F63695F6C6173745F726567656E65726174657C693A313630353438323038313B),
	('1m3ian2vb5r5guh3p1ffraic3ke3m63i', '::1', 1605146260, _binary 0x5F5F63695F6C6173745F726567656E65726174657C693A313630353134363236303B),
	('1nfk9hsoikoivemv0d5cguberv6ucui5', '::1', 1605482034, _binary 0x5F5F63695F6C6173745F726567656E65726174657C693A313630353438323033343B),
	('1ngvfn4l48n6rcdes7fkvaea902gdbaj', '::1', 1605481618, _binary 0x5F5F63695F6C6173745F726567656E65726174657C693A313630353438313631383B),
	('1nhusidtqtf0g6mpg60f96qgstgbs7pa', '::1', 1605384194, _binary 0x5F5F63695F6C6173745F726567656E65726174657C693A313630353338343139343B),
	('1nvr81qa0opjfrf9o8gv36mlp5ht5oc7', '::1', 1605144840, _binary 0x5F5F63695F6C6173745F726567656E65726174657C693A313630353134343834303B),
	('1qckpft2ap1fl2a62fv7iaplprlu3d3e', '::1', 1605481889, _binary 0x5F5F63695F6C6173745F726567656E65726174657C693A313630353438313838393B),
	('1r5kg4m8am1d2c9kt1u5a4rogo4lnni1', '::1', 1605146292, _binary 0x5F5F63695F6C6173745F726567656E65726174657C693A313630353134363239323B),
	('1sl37tmds4o8fkcu035ibv1bck8sr8nf', '::1', 1605146256, _binary 0x5F5F63695F6C6173745F726567656E65726174657C693A313630353134363235363B),
	('1t1j5sb55v6311k17npvgmuepg6msk53', '192.168.21.70', 1605146271, _binary 0x5F5F63695F6C6173745F726567656E65726174657C693A313630353134363235393B),
	('1t8afft4lbnkoe2ef3ukk4meqmqgbo09', '::1', 1605148464, _binary 0x5F5F63695F6C6173745F726567656E65726174657C693A313630353134383436343B),
	('1v2gtdei13n759qe5ovqj4lkc3in9lht', '192.168.21.3', 1605495953, _binary 0x5F5F63695F6C6173745F726567656E65726174657C693A313630353439353935333B),
	('1v3uvpa56j1l1t047lbs9c2617pb5j58', '::1', 1605481793, _binary 0x5F5F63695F6C6173745F726567656E65726174657C693A313630353438313739333B),
	('1v5a1a7unvmn8tmuj3c6keui0k894olv', '::1', 1605146259, _binary 0x5F5F63695F6C6173745F726567656E65726174657C693A313630353134363235393B),
	('1vg7t1i3qo2bono65j6lcr1udjo7acln', '::1', 1605481889, _binary 0x5F5F63695F6C6173745F726567656E65726174657C693A313630353438313838393B),
	('21jebmoveujtrciqd0rs18vch62g3q1s', '::1', 1605148464, _binary 0x5F5F63695F6C6173745F726567656E65726174657C693A313630353134383436343B),
	('2311tgpgj9p5qhkkqfvsvhjn1nhq0nrf', '::1', 1605148464, _binary 0x5F5F63695F6C6173745F726567656E65726174657C693A313630353134383436343B),
	('28qsgotq8s93vlqrthn9u6u22map1dgp', '::1', 1605148477, _binary 0x5F5F63695F6C6173745F726567656E65726174657C693A313630353134383436343B69647573756172696F7C733A323A223232223B6C6F676561646F7C623A313B),
	('28v9gpoo5j0i0qlu2rhsorbbbn8c4nud', '::1', 1605384194, _binary 0x5F5F63695F6C6173745F726567656E65726174657C693A313630353338343139343B),
	('293dm41flij6jjger2chdj35bbgh9e94', '192.168.21.70', 1605384797, _binary 0x5F5F63695F6C6173745F726567656E65726174657C693A313630353338343739373B),
	('297lfdlc866q7o2oev10js7pndg54qb5', '::1', 1605146259, _binary 0x5F5F63695F6C6173745F726567656E65726174657C693A313630353134363235393B),
	('2bj6g469ugbvnmisbmdn4jrj6h2ad881', '::1', 1605146259, _binary 0x5F5F63695F6C6173745F726567656E65726174657C693A313630353134363235393B),
	('2crgmaicv0vr3b5n794nbbp74p0uutkh', '::1', 1605146260, _binary 0x5F5F63695F6C6173745F726567656E65726174657C693A313630353134363236303B),
	('2f27f43bd8g43uibmrvnoqrbsu1ejdia', '::1', 1605482033, _binary 0x5F5F63695F6C6173745F726567656E65726174657C693A313630353438323033333B),
	('2fcougf8g2q5tuo47n3hmp4pt1akidi1', '::1', 1605144997, _binary 0x5F5F63695F6C6173745F726567656E65726174657C693A313630353134343939373B),
	('2fkkviiui3ecp3q2stb9dhdbcd1anoi1', '::1', 1605482033, _binary 0x5F5F63695F6C6173745F726567656E65726174657C693A313630353438323033333B),
	('2je4j4o1034sta29t5ktrmcle6t0n4tq', '::1', 1605385470, _binary 0x5F5F63695F6C6173745F726567656E65726174657C693A313630353338353437303B),
	('2l67sglgp483tq0bqehjkatvvl5r19fl', '::1', 1605146260, _binary 0x5F5F63695F6C6173745F726567656E65726174657C693A313630353134363236303B),
	('2muhkltker3lgog3tnie39hfakr8nl7m', '::1', 1605144729, _binary 0x5F5F63695F6C6173745F726567656E65726174657C693A313630353134343732393B),
	('2o7rg78cbcqkhbdlv1j60e23uaftk655', '::1', 1605482081, _binary 0x5F5F63695F6C6173745F726567656E65726174657C693A313630353438323038313B),
	('2t5av6tf8d101okpkh5jos6ipusqgj8k', '::1', 1605146255, _binary 0x5F5F63695F6C6173745F726567656E65726174657C693A313630353134363235353B),
	('2vkgatb75mjb9p3tuui446sf7lpf7e3v', '::1', 1605144721, _binary 0x5F5F63695F6C6173745F726567656E65726174657C693A313630353134343732313B),
	('303s20mli3em59tkboeho4p9a5k4q051', '192.168.21.70', 1605146260, _binary 0x5F5F63695F6C6173745F726567656E65726174657C693A313630353134363235353B),
	('305curgcu0tkgv8tud4c7nhrvbe46q2b', '::1', 1605144730, _binary 0x5F5F63695F6C6173745F726567656E65726174657C693A313630353134343733303B),
	('315lpeqn7cd21ke3d0taecnojerv64v7', '::1', 1605144998, _binary 0x5F5F63695F6C6173745F726567656E65726174657C693A313630353134343939383B),
	('33am9c19dq3l1seltb74fg82f2b8k0f9', '::1', 1605146292, _binary 0x5F5F63695F6C6173745F726567656E65726174657C693A313630353134363239323B),
	('33j1gu7s6lnem2tllc5ourrmrfvhpafn', '192.168.21.3', 1605654925, _binary 0x5F5F63695F6C6173745F726567656E65726174657C693A313630353635343932353B69647573756172696F7C733A323A223133223B6D61696C7C733A31333A226D61696C406D61696C2E636F6D223B7469706F7C733A313A2235223B6C6F676561646F7C623A313B),
	('34om7350vg25tq57u5s587c3pbp541cj', '192.168.21.3', 1605494827, _binary 0x5F5F63695F6C6173745F726567656E65726174657C693A313630353439343832373B),
	('35uq0b7p1ehnvbsndmlb6lhn98du41u3', '::1', 1605146291, _binary 0x5F5F63695F6C6173745F726567656E65726174657C693A313630353134363239313B),
	('37vo3l03p9gq102cdrlrdpl6fk23li64', '::1', 1605385470, _binary 0x5F5F63695F6C6173745F726567656E65726174657C693A313630353338353437303B),
	('38hvegej4auarr3uho9rumk2d6ut4n4t', '::1', 1605146256, _binary 0x5F5F63695F6C6173745F726567656E65726174657C693A313630353134363235363B),
	('38ivjfubcaogn3v9lk0bgjgkaavphgo3', '::1', 1605144840, _binary 0x5F5F63695F6C6173745F726567656E65726174657C693A313630353134343834303B),
	('3957ibe75ftlgustgejhuabmjp6r3dtc', '192.168.21.3', 1605640239, _binary 0x5F5F63695F6C6173745F726567656E65726174657C693A313630353634303233393B),
	('39vqe124tbraq0sqci44hq1pgdof189a', '::1', 1605482081, _binary 0x5F5F63695F6C6173745F726567656E65726174657C693A313630353438323038313B),
	('3bauikgf0m4a5o0lmdhmv2pfpbkoe2n4', '::1', 1605144998, _binary 0x5F5F63695F6C6173745F726567656E65726174657C693A313630353134343939383B),
	('3cgc7o9n8qrha5gg67bv5s9abe09lgm6', '::1', 1605481618, _binary 0x5F5F63695F6C6173745F726567656E65726174657C693A313630353438313631383B),
	('3e37t2b2tm2e7vhiusdl70gc2nelur3c', '::1', 1605144721, _binary 0x5F5F63695F6C6173745F726567656E65726174657C693A313630353134343732313B),
	('3e91i9qqh2uqmifbf23es6onb5dfkf9f', '::1', 1605385469, _binary 0x5F5F63695F6C6173745F726567656E65726174657C693A313630353338353436393B),
	('3h7q1sfh3ksrjs0f1sqdhcdagkoh5839', '::1', 1605146256, _binary 0x5F5F63695F6C6173745F726567656E65726174657C693A313630353134363235363B),
	('3hn2h03v8070o60a6h256kroakhav6n2', '::1', 1605146256, _binary 0x5F5F63695F6C6173745F726567656E65726174657C693A313630353134363235363B),
	('3ioc9tr0poo2tq148dfe90sfv4mqjg71', '::1', 1605144721, _binary 0x5F5F63695F6C6173745F726567656E65726174657C693A313630353134343732313B),
	('3iusf00n854a7n32uisj21akag7i11d3', '::1', 1605385481, _binary 0x5F5F63695F6C6173745F726567656E65726174657C693A313630353338353437303B69647573756172696F7C733A323A223232223B6C6F676561646F7C623A313B),
	('3j9krrtj8kuksmbjtgmtgv5lehmtoqf5', '::1', 1605482081, _binary 0x5F5F63695F6C6173745F726567656E65726174657C693A313630353438323038313B),
	('3jbk3ijhddfadlvek470okmd99260hve', '::1', 1605481618, _binary 0x5F5F63695F6C6173745F726567656E65726174657C693A313630353438313631383B),
	('3l95fre5060in4irbu6kg50jc54v084l', '192.168.21.70', 1605385786, _binary 0x5F5F63695F6C6173745F726567656E65726174657C693A313630353338353738363B),
	('3rsr5fh0jc8uab264hicuh24h01vrjbk', '::1', 1605482085, _binary 0x5F5F63695F6C6173745F726567656E65726174657C693A313630353438323038353B69647573756172696F7C733A323A223232223B6C6F676561646F7C623A313B),
	('3sb5cuonnbi72nvlci3v6vfu7bmn98r3', '::1', 1605384194, _binary 0x5F5F63695F6C6173745F726567656E65726174657C693A313630353338343139343B),
	('3snpgpohdamifvsagv0rfl6s9mdr8t2n', '::1', 1605481618, _binary 0x5F5F63695F6C6173745F726567656E65726174657C693A313630353438313631383B),
	('3tk4ooiojcdpedmt5n6pvqk82muo2h86', '::1', 1605144775, _binary 0x5F5F63695F6C6173745F726567656E65726174657C693A313630353134343737353B),
	('3uokunfeub7eghh9jm1q11arohak989s', '::1', 1605384196, _binary 0x5F5F63695F6C6173745F726567656E65726174657C693A313630353338343139363B),
	('3v0d0351sfqnc2hvq6s1qpm5c7gm8tii', '::1', 1605144839, _binary 0x5F5F63695F6C6173745F726567656E65726174657C693A313630353134343833393B),
	('3vfd85dvvml41rsopld6far5cvt3orlq', '::1', 1605146291, _binary 0x5F5F63695F6C6173745F726567656E65726174657C693A313630353134363239313B),
	('3vu93qdlidl3coq2g1jebkveuqh1snt3', '::1', 1605384197, _binary 0x5F5F63695F6C6173745F726567656E65726174657C693A313630353338343139373B),
	('44581bvql4fg9h1hpgccnpbbevscpsmu', '::1', 1605385470, _binary 0x5F5F63695F6C6173745F726567656E65726174657C693A313630353338353437303B),
	('44n7g39i65suna1i34neqjavhbocer6i', '::1', 1605385469, _binary 0x5F5F63695F6C6173745F726567656E65726174657C693A313630353338353436393B),
	('46r0efej0ip247c55rujbv5aekk2rf9l', '::1', 1605481618, _binary 0x5F5F63695F6C6173745F726567656E65726174657C693A313630353438313631383B),
	('47bl47bmloj60sl97s5qv6c6mc6eheb3', '::1', 1605144730, _binary 0x5F5F63695F6C6173745F726567656E65726174657C693A313630353134343733303B),
	('47qukbght56010tlng3pejp90ssjkoe6', '::1', 1605144840, _binary 0x5F5F63695F6C6173745F726567656E65726174657C693A313630353134343834303B),
	('491tjh0m4ajmr28ojhgsktsvg31lnus9', '::1', 1605384194, _binary 0x5F5F63695F6C6173745F726567656E65726174657C693A313630353338343139343B),
	('4bqijqbh5cgulg1a7b87s6jj78kp7425', '192.168.21.3', 1605488054, _binary 0x5F5F63695F6C6173745F726567656E65726174657C693A313630353438383035343B),
	('4bsiovpejfo061d1fpha7og7f383cgja', '::1', 1605629697, _binary 0x5F5F63695F6C6173745F726567656E65726174657C693A313630353632393639373B),
	('4c5tkgkh81m4e9i0eh536kqi5uul62od', '::1', 1605146260, _binary 0x5F5F63695F6C6173745F726567656E65726174657C693A313630353134363236303B),
	('4c8c14fi5mr4kshqgup9fbuerm9dpvem', '192.168.21.3', 1605496261, _binary 0x5F5F63695F6C6173745F726567656E65726174657C693A313630353439363236313B),
	('4ee1dv5upgkdjv1d7270mame31qcpt5s', '::1', 1605146292, _binary 0x5F5F63695F6C6173745F726567656E65726174657C693A313630353134363239323B),
	('4f1hfbkejpjrebvfan8kk9u5954nmit4', '::1', 1605384197, _binary 0x5F5F63695F6C6173745F726567656E65726174657C693A313630353338343139373B),
	('4g4ud7ubsl22cdu0sfemug9m7hf0dt3s', '::1', 1605385470, _binary 0x5F5F63695F6C6173745F726567656E65726174657C693A313630353338353437303B),
	('4gtgq57an51no5cfh1ucthmagjlfv03r', '::1', 1605481889, _binary 0x5F5F63695F6C6173745F726567656E65726174657C693A313630353438313838393B),
	('4hfp24lifvps1mk04q95k9b4u21hojgo', '::1', 1605146292, _binary 0x5F5F63695F6C6173745F726567656E65726174657C693A313630353134363239323B),
	('4igng8aqdpj5dbttparepnjn6v475erj', '::1', 1605481618, _binary 0x5F5F63695F6C6173745F726567656E65726174657C693A313630353438313631383B),
	('4iino3bckgqj9rof84m9d0h522t5rl07', '::1', 1605146259, _binary 0x5F5F63695F6C6173745F726567656E65726174657C693A313630353134363235393B),
	('4jck4qmpt5apia1716nka7ath5l7di7u', '::1', 1605481792, _binary 0x5F5F63695F6C6173745F726567656E65726174657C693A313630353438313739323B),
	('4jveasmmcgc8bf8473meb9jlv2l2d2au', '::1', 1605144776, _binary 0x5F5F63695F6C6173745F726567656E65726174657C693A313630353134343737363B),
	('4ko1k075fgfjrtptff3kubkcfavrmod7', '::1', 1605148464, _binary 0x5F5F63695F6C6173745F726567656E65726174657C693A313630353134383436343B),
	('4lodfc42bsmgc8vfnoulrkp7r6gspacc', '::1', 1605385470, _binary 0x5F5F63695F6C6173745F726567656E65726174657C693A313630353338353437303B),
	('4mqs0030b0ro8laup8g98io6ar3mds1f', '::1', 1605144998, _binary 0x5F5F63695F6C6173745F726567656E65726174657C693A313630353134343939383B),
	('4ot28b1l92pg64dgui84pvlrqnbn4c4l', '::1', 1605144775, _binary 0x5F5F63695F6C6173745F726567656E65726174657C693A313630353134343737353B),
	('4p781ti1sedjhcmqrtb89haahirekg7q', '192.168.21.3', 1605384207, _binary 0x5F5F63695F6C6173745F726567656E65726174657C693A313630353338343138303B),
	('4r9ac8i2k2mg960h3df2forr3ji3j6cg', '::1', 1605146259, _binary 0x5F5F63695F6C6173745F726567656E65726174657C693A313630353134363235393B),
	('4r9ptbdrhpl1hub6jmo95iac0n0d41ha', '::1', 1605481792, _binary 0x5F5F63695F6C6173745F726567656E65726174657C693A313630353438313739323B),
	('4t3ecbj4a8gfhb9sh94vhrnurdffj4au', '::1', 1605146261, _binary 0x5F5F63695F6C6173745F726567656E65726174657C693A313630353134363236313B),
	('4ub94kkoeb821qgolin5h1kvrmc9slqs', '::1', 1605146256, _binary 0x5F5F63695F6C6173745F726567656E65726174657C693A313630353134363235363B),
	('4uck0c051r4cqgea0n4ad8sb45sm5rui', '::1', 1605482033, _binary 0x5F5F63695F6C6173745F726567656E65726174657C693A313630353438323033333B),
	('4v2mo3ie3mtun1ot5rom7v5f4hqb87k0', '::1', 1605629698, _binary 0x5F5F63695F6C6173745F726567656E65726174657C693A313630353632393639383B),
	('4vk6qt32pmsaj6huktafi24len1k6ucd', '::1', 1605629698, _binary 0x5F5F63695F6C6173745F726567656E65726174657C693A313630353632393639383B),
	('50a40d4i08gih4386frc37b8qmlt82ut', '::1', 1605482080, _binary 0x5F5F63695F6C6173745F726567656E65726174657C693A313630353438323038303B),
	('50manr1it3mb2l7gdamj7f2n4ud47faj', '::1', 1605482081, _binary 0x5F5F63695F6C6173745F726567656E65726174657C693A313630353438323038313B),
	('52un73d1adjr9kp92o0o2n0of5lnssh9', '::1', 1605482081, _binary 0x5F5F63695F6C6173745F726567656E65726174657C693A313630353438323038313B),
	('532jakn2vkfsbgskikkh7u4grf5tftmr', '::1', 1605146259, _binary 0x5F5F63695F6C6173745F726567656E65726174657C693A313630353134363235393B),
	('53q10u5mjlvh625aq7mk76qec4ngn9tn', '::1', 1605384196, _binary 0x5F5F63695F6C6173745F726567656E65726174657C693A313630353338343139363B),
	('54196cf9nnb474mfk6q8veomdf9e7b5v', '::1', 1605146291, _binary 0x5F5F63695F6C6173745F726567656E65726174657C693A313630353134363239313B),
	('59toi3cv5oanfbrnkv7uihc707n7amg9', '::1', 1605146254, _binary 0x5F5F63695F6C6173745F726567656E65726174657C693A313630353134363235343B),
	('5a3c3nc2vkb7238ao7ekk256htruffko', '192.168.21.70', 1605387290, _binary 0x5F5F63695F6C6173745F726567656E65726174657C693A313630353338373037313B69647573756172696F7C733A323A223233223B6C6F676561646F7C623A313B),
	('5b2mkj4dt9qf0kc0konh51vb42q1hkc0', '::1', 1605146292, _binary 0x5F5F63695F6C6173745F726567656E65726174657C693A313630353134363239323B),
	('5b9jmcj7a4cjk3foij50bemp7g4q4lf9', '::1', 1605146291, _binary 0x5F5F63695F6C6173745F726567656E65726174657C693A313630353134363239313B),
	('5d45sruo3j9ne9ipehlhcb478sa14vv3', '::1', 1605144730, _binary 0x5F5F63695F6C6173745F726567656E65726174657C693A313630353134343733303B),
	('5dc331mno6k1l7p8v8r1as1qn2hukt56', '::1', 1605144721, _binary 0x5F5F63695F6C6173745F726567656E65726174657C693A313630353134343732313B),
	('5dng2ottcet5ipjh8lr7djh363b5sacl', '::1', 1605482081, _binary 0x5F5F63695F6C6173745F726567656E65726174657C693A313630353438323038313B),
	('5f15abvlkji96t3ug64olaatdhuljk6r', '::1', 1605385469, _binary 0x5F5F63695F6C6173745F726567656E65726174657C693A313630353338353436393B),
	('5fbobegrlqd1u9kb9585m04qrog4ghbq', '::1', 1605481793, _binary 0x5F5F63695F6C6173745F726567656E65726174657C693A313630353438313739333B),
	('5fdoi29gosb7dc9auuo10a9scrdq1hmj', '::1', 1605146255, _binary 0x5F5F63695F6C6173745F726567656E65726174657C693A313630353134363235353B),
	('5ggnspfo46q637f5pqnehgqu6s51qbid', '::1', 1605144840, _binary 0x5F5F63695F6C6173745F726567656E65726174657C693A313630353134343834303B),
	('5gve37likss0upjqpmmj9dtft349b0c9', '::1', 1605629698, _binary 0x5F5F63695F6C6173745F726567656E65726174657C693A313630353632393639383B),
	('5kbbr9pea831065nqv9umh8p0lbv327s', '::1', 1605481793, _binary 0x5F5F63695F6C6173745F726567656E65726174657C693A313630353438313739333B),
	('5n35v03d6ahpv3n4ujdhuks5lk4h7r2r', '::1', 1605146259, _binary 0x5F5F63695F6C6173745F726567656E65726174657C693A313630353134363235393B),
	('5r1c9lla25vevmt9jjgdq7hucsdjusuu', '::1', 1605144840, _binary 0x5F5F63695F6C6173745F726567656E65726174657C693A313630353134343834303B),
	('5snji448im5rbal6kqqpsc1ugud565u7', '::1', 1605144720, _binary 0x5F5F63695F6C6173745F726567656E65726174657C693A313630353134343732303B),
	('5u8vsns2sv4q1ffag248b21heg2o6roe', '::1', 1605144998, _binary 0x5F5F63695F6C6173745F726567656E65726174657C693A313630353134343939383B),
	('5ub0vtekl94vvdt61tmbl3md4ioske2c', '::1', 1605144998, _binary 0x5F5F63695F6C6173745F726567656E65726174657C693A313630353134343939383B),
	('5ubpki8vrfeifc40gruhavv87jjbl12i', '::1', 1605384197, _binary 0x5F5F63695F6C6173745F726567656E65726174657C693A313630353338343139373B),
	('627qep4oqu79oergfkgk82dgc5vf74rf', '::1', 1605385470, _binary 0x5F5F63695F6C6173745F726567656E65726174657C693A313630353338353437303B),
	('6350ajtp3trr7j69osqisgjcas022v61', '::1', 1605384194, _binary 0x5F5F63695F6C6173745F726567656E65726174657C693A313630353338343139343B),
	('63gf3apevsa044kjf3rcg3q5e4h1su82', '::1', 1605384197, _binary 0x5F5F63695F6C6173745F726567656E65726174657C693A313630353338343139373B),
	('64r9cfg7kdrs6abvth9vk81bc7ffrnki', '::1', 1605146254, _binary 0x5F5F63695F6C6173745F726567656E65726174657C693A313630353134363235343B),
	('6713n0ennrtaq1rvs7qj14r2vqoe5bae', '192.168.21.3', 1605638998, _binary 0x5F5F63695F6C6173745F726567656E65726174657C693A313630353633383939383B),
	('68biellavr67autlsbidj0701s4ibmd3', '::1', 1605482033, _binary 0x5F5F63695F6C6173745F726567656E65726174657C693A313630353438323033333B),
	('68nj1fufcaof9ico84dh4fivq4p3htob', '192.168.21.70', 1605146302, _binary 0x5F5F63695F6C6173745F726567656E65726174657C693A313630353134363236303B),
	('6agjg672d5ihd77md9fuglf71ktma5ps', '::1', 1605146260, _binary 0x5F5F63695F6C6173745F726567656E65726174657C693A313630353134363236303B),
	('6cf53juo8u26kh1apqkq1hlnb8aje1id', '::1', 1605146292, _binary 0x5F5F63695F6C6173745F726567656E65726174657C693A313630353134363239323B),
	('6e6hcipb83bnhs840ed0if22nbltulvp', '::1', 1605148464, _binary 0x5F5F63695F6C6173745F726567656E65726174657C693A313630353134383436343B),
	('6f4ktmhv8i044f61gshmbke0hvjb9uhv', '::1', 1605144721, _binary 0x5F5F63695F6C6173745F726567656E65726174657C693A313630353134343732313B),
	('6fb20bpmonhkadm15qn25unk1hp1g684', '::1', 1605146256, _binary 0x5F5F63695F6C6173745F726567656E65726174657C693A313630353134363235363B),
	('6khut6qgoje1fa2g1si0553ikac1jisn', '::1', 1605629698, _binary 0x5F5F63695F6C6173745F726567656E65726174657C693A313630353632393639383B),
	('6lej7hep5b4b2ar9phduutllaigd8unb', '::1', 1605144776, _binary 0x5F5F63695F6C6173745F726567656E65726174657C693A313630353134343737363B),
	('6mafpcrie27pfb1ft4dgvmbifi0l0f0v', '::1', 1605146256, _binary 0x5F5F63695F6C6173745F726567656E65726174657C693A313630353134363235363B),
	('6mmqimd2esv5taagn6f4b2n3t5mb7imv', '::1', 1605144730, _binary 0x5F5F63695F6C6173745F726567656E65726174657C693A313630353134343733303B),
	('6or4724fqf2ltkfjabh1jivlit1k6adn', '::1', 1605148464, _binary 0x5F5F63695F6C6173745F726567656E65726174657C693A313630353134383436343B),
	('6pbnusm430h268qqrrjaob0d600df1vh', '::1', 1605146259, _binary 0x5F5F63695F6C6173745F726567656E65726174657C693A313630353134363235393B),
	('6q2ts79mfn44rgrhqbcqn0nt1dfkma42', '::1', 1605481618, _binary 0x5F5F63695F6C6173745F726567656E65726174657C693A313630353438313631383B),
	('6qs0kf5fpetnj53b668tufetjlb5al58', '::1', 1605146256, _binary 0x5F5F63695F6C6173745F726567656E65726174657C693A313630353134363235363B),
	('6u1m3dfq467c3i9i3efc82vv15f03065', '192.168.21.70', 1605144738, _binary 0x5F5F63695F6C6173745F726567656E65726174657C693A313630353134343732303B),
	('70btnnrok64k910b4gj5r0h0nqt6p25q', '::1', 1605144730, _binary 0x5F5F63695F6C6173745F726567656E65726174657C693A313630353134343733303B),
	('71gkt6optt0m8a1mis8iocnstmps566j', '::1', 1605384194, _binary 0x5F5F63695F6C6173745F726567656E65726174657C693A313630353338343139343B),
	('7278tq2ljvi9cc7nonv1l1ulbf9jkdj2', '::1', 1605482100, _binary 0x5F5F63695F6C6173745F726567656E65726174657C693A313630353438323033373B69647573756172696F7C733A323A223232223B6C6F676561646F7C623A313B),
	('72omdio7se5k4u733g3k3obhg4nuse8o', '192.168.21.3', 1605489608, _binary 0x5F5F63695F6C6173745F726567656E65726174657C693A313630353438393630383B),
	('73mc7og8og4qu8ec2pe4g3ku8qn25tlb', '::1', 1605482034, _binary 0x5F5F63695F6C6173745F726567656E65726174657C693A313630353438323033343B),
	('749l9nn5bki082eom80l8m6am1l12tcd', '::1', 1605146260, _binary 0x5F5F63695F6C6173745F726567656E65726174657C693A313630353134363236303B),
	('75ae0lpmkhmm11m7goovrrokvdvr6c20', '::1', 1605385469, _binary 0x5F5F63695F6C6173745F726567656E65726174657C693A313630353338353436393B),
	('75ln6nfit40vp02ksj0egia7eb4imniu', '::1', 1605146292, _binary 0x5F5F63695F6C6173745F726567656E65726174657C693A313630353134363239323B),
	('76rgh6l22t413q4nsir0eqnqpt6si0lt', '::1', 1605384194, _binary 0x5F5F63695F6C6173745F726567656E65726174657C693A313630353338343139343B),
	('78at7685qs7dbe3qokj2onoloefveei0', '::1', 1605482033, _binary 0x5F5F63695F6C6173745F726567656E65726174657C693A313630353438323033333B),
	('7b02tj5vak1n2i9v7k7taldc3iea64n5', '::1', 1605146256, _binary 0x5F5F63695F6C6173745F726567656E65726174657C693A313630353134363235363B69647573756172696F7C733A323A223232223B6C6F676561646F7C623A313B),
	('7b9jou5s8euljih5n5o4kmnrd6f2jtso', '::1', 1605384194, _binary 0x5F5F63695F6C6173745F726567656E65726174657C693A313630353338343139343B),
	('7bl1c9m5sn6p8d9kacsbpasps4ev433u', '::1', 1605146259, _binary 0x5F5F63695F6C6173745F726567656E65726174657C693A313630353134363235393B),
	('7d3r696jjt64lmh72u895laci0ldmlbf', '::1', 1605148464, _binary 0x5F5F63695F6C6173745F726567656E65726174657C693A313630353134383436343B),
	('7dst55m3c6818j46huop9knng2m3agv8', '::1', 1605146256, _binary 0x5F5F63695F6C6173745F726567656E65726174657C693A313630353134363235363B),
	('7e98boka98l08on1ptm7vjong1rn3vlv', '::1', 1605146291, _binary 0x5F5F63695F6C6173745F726567656E65726174657C693A313630353134363239313B),
	('7k1f0cut5n3r48h8frh5ah0kha5qmp8u', '::1', 1605481888, _binary 0x5F5F63695F6C6173745F726567656E65726174657C693A313630353438313838383B),
	('7khpsfeubu6evhai08bbu4dpvhbt0o9n', '192.168.21.3', 1605484875, _binary 0x5F5F63695F6C6173745F726567656E65726174657C693A313630353438343837353B),
	('7m5smuot6gdnn4ea507fl9veulamn1d8', '::1', 1605481617, _binary 0x5F5F63695F6C6173745F726567656E65726174657C693A313630353438313631373B),
	('7ntf29id6cjguf8sv8kih7akg45k85md', '::1', 1605146256, _binary 0x5F5F63695F6C6173745F726567656E65726174657C693A313630353134363235363B),
	('7pmk3dc0k0sc79dbkv16etlndfhenje2', '::1', 1605385470, _binary 0x5F5F63695F6C6173745F726567656E65726174657C693A313630353338353437303B),
	('7sgfc2ag4elaeaj2be16ag9925pkf3rf', '::1', 1605146291, _binary 0x5F5F63695F6C6173745F726567656E65726174657C693A313630353134363239313B),
	('7suvltubavuqku3p3skokr1is3qdrj7i', '::1', 1605629698, _binary 0x5F5F63695F6C6173745F726567656E65726174657C693A313630353632393639383B),
	('7t6gbu7lve2ht5rj9qaft1da3lkua8kd', '::1', 1605629697, _binary 0x5F5F63695F6C6173745F726567656E65726174657C693A313630353632393639373B),
	('7vv9fjns2d90a50lqqqe9a0sqkhb4okr', '::1', 1605481618, _binary 0x5F5F63695F6C6173745F726567656E65726174657C693A313630353438313631383B),
	('818t8eppj9m4j0sn93gc2bld86k7ogon', '::1', 1605385470, _binary 0x5F5F63695F6C6173745F726567656E65726174657C693A313630353338353437303B),
	('823d647rrp7orddjvq15lmeiupamaevn', '::1', 1605384196, _binary 0x5F5F63695F6C6173745F726567656E65726174657C693A313630353338343139363B),
	('8255vhedo08go13eip9iksjuk01clbes', '::1', 1605144998, _binary 0x5F5F63695F6C6173745F726567656E65726174657C693A313630353134343939383B),
	('827vgrnlbkti5udqta4qdjtb7744for1', '::1', 1605481793, _binary 0x5F5F63695F6C6173745F726567656E65726174657C693A313630353438313739333B),
	('83cal75b4lheth77lb7q7pel5asv8p6j', '::1', 1605481888, _binary 0x5F5F63695F6C6173745F726567656E65726174657C693A313630353438313838383B),
	('83ic62hrv14t7fvoq82cqea27bf7j4a6', '::1', 1605144721, _binary 0x5F5F63695F6C6173745F726567656E65726174657C693A313630353134343732313B),
	('850qknpgvauebgo3vtqtkbh5c6op04gp', '::1', 1605481792, _binary 0x5F5F63695F6C6173745F726567656E65726174657C693A313630353438313739323B),
	('85eu58rud95hbuh8diterom296104c7l', '::1', 1605146259, _binary 0x5F5F63695F6C6173745F726567656E65726174657C693A313630353134363235393B),
	('85vdcucil96a3odergubtic8fdvabp43', '::1', 1605146257, _binary 0x5F5F63695F6C6173745F726567656E65726174657C693A313630353134363235373B),
	('8662a6dq06o8d2mmdo8kts5pd6g8r9if', '::1', 1605144721, _binary 0x5F5F63695F6C6173745F726567656E65726174657C693A313630353134343732313B),
	('89c2ct6okaab1l7rp2js0jcspo388r1i', '::1', 1605144998, _binary 0x5F5F63695F6C6173745F726567656E65726174657C693A313630353134343939383B),
	('8a4a60b9i9q9qq7oebnlc6b7k28ou26a', '::1', 1605482081, _binary 0x5F5F63695F6C6173745F726567656E65726174657C693A313630353438323038313B),
	('8am5pcnte83lhm71fj0787vqmueomd81', '::1', 1605385470, _binary 0x5F5F63695F6C6173745F726567656E65726174657C693A313630353338353437303B),
	('8c2u734e8h440km6cq5t9bo5jgilmj0s', '::1', 1605384194, _binary 0x5F5F63695F6C6173745F726567656E65726174657C693A313630353338343139343B),
	('8d4mn4223e4js7ogb5cu1iocu6uhjtok', '::1', 1605629698, _binary 0x5F5F63695F6C6173745F726567656E65726174657C693A313630353632393639383B),
	('8eka867m8mdkn66o04tmtmetganf9ric', '192.168.21.70', 1605145009, _binary 0x5F5F63695F6C6173745F726567656E65726174657C693A313630353134343939373B),
	('8eqnl7df6r6ac2uua9p1ecodl9493lb3', '::1', 1605144720, _binary 0x5F5F63695F6C6173745F726567656E65726174657C693A313630353134343732303B),
	('8f05qi403dsk9o7gsl9e4phcgfr8gpu0', '::1', 1605482081, _binary 0x5F5F63695F6C6173745F726567656E65726174657C693A313630353438323038313B),
	('8h0f112kpn0u2he7ss8ogr9020hvpmpi', '192.168.21.70', 1605386322, _binary 0x5F5F63695F6C6173745F726567656E65726174657C693A313630353338363332323B),
	('8i8vcjgae5vcbaj018mghb5r2p1q4924', '::1', 1605144730, _binary 0x5F5F63695F6C6173745F726567656E65726174657C693A313630353134343733303B),
	('8j1khvjl7crgf2884clpvp95phbo1uq4', '::1', 1605481793, _binary 0x5F5F63695F6C6173745F726567656E65726174657C693A313630353438313739333B),
	('8k4d4adm7q7l6i6o6estosja673eicns', '::1', 1605146256, _binary 0x5F5F63695F6C6173745F726567656E65726174657C693A313630353134363235363B),
	('8lbvughsh6agmg01dlr9c3fec50cdm8f', '::1', 1605481888, _binary 0x5F5F63695F6C6173745F726567656E65726174657C693A313630353438313838383B),
	('8pagc9kmh28d6ol42oqqrnrmmlad8p8o', '::1', 1605482033, _binary 0x5F5F63695F6C6173745F726567656E65726174657C693A313630353438323033333B),
	('8qfvlt8b1m3dsmkuspuivhdl0lj6560o', '::1', 1605384194, _binary 0x5F5F63695F6C6173745F726567656E65726174657C693A313630353338343139343B),
	('8r5pmv5b6cod1a72mm69l741l17ifm2b', '::1', 1605481888, _binary 0x5F5F63695F6C6173745F726567656E65726174657C693A313630353438313838383B),
	('8rk2vfsotr7vb06sika8o07a8n6v3ap4', '::1', 1605146259, _binary 0x5F5F63695F6C6173745F726567656E65726174657C693A313630353134363235393B),
	('8spn455tt97v0krl9ja5tgmt9ki2r2sj', '::1', 1605146261, _binary 0x5F5F63695F6C6173745F726567656E65726174657C693A313630353134363236313B),
	('8tr37f5u1n3h51bjoprneng934oio8r5', '::1', 1605481618, _binary 0x5F5F63695F6C6173745F726567656E65726174657C693A313630353438313631383B),
	('8u02946g63eijc8jubehrrtr880ch9so', '::1', 1605144840, _binary 0x5F5F63695F6C6173745F726567656E65726174657C693A313630353134343834303B),
	('8u6vuuakljrvcmgce1iijk44lk4mao79', '::1', 1605482081, _binary 0x5F5F63695F6C6173745F726567656E65726174657C693A313630353438323038313B),
	('8ufrhs2hhar31spm00o65k9akclqu1fj', '::1', 1605385470, _binary 0x5F5F63695F6C6173745F726567656E65726174657C693A313630353338353437303B),
	('9132q4020holt76udap7b98ko2vj4ckb', '::1', 1605148464, _binary 0x5F5F63695F6C6173745F726567656E65726174657C693A313630353134383436343B),
	('928t7ss2j0q630n02degtn5ck77t5k45', '192.168.21.70', 1605389435, _binary 0x5F5F63695F6C6173745F726567656E65726174657C693A313630353338393433353B),
	('92sr8lh3sdc4bnthn2ule8k6u59g9mi6', '::1', 1605144776, _binary 0x5F5F63695F6C6173745F726567656E65726174657C693A313630353134343737363B69647573756172696F7C733A323A223232223B6C6F676561646F7C623A313B),
	('935638e07go837ede2bu198rb2k02qj2', '::1', 1605144729, _binary 0x5F5F63695F6C6173745F726567656E65726174657C693A313630353134343732393B),
	('93a3579b7cupla7bpdqfuu3240kn7a99', '::1', 1605144840, _binary 0x5F5F63695F6C6173745F726567656E65726174657C693A313630353134343834303B),
	('93j1logifvdjogfvlhujtn4ga597v4ah', '::1', 1605384197, _binary 0x5F5F63695F6C6173745F726567656E65726174657C693A313630353338343139373B),
	('94i2hpiad7c7gtrfk2e32gr56fff6gka', '::1', 1605144775, _binary 0x5F5F63695F6C6173745F726567656E65726174657C693A313630353134343737353B),
	('95s7st7lbhe1mpfja6dcl7nuq7mipue0', '::1', 1605481888, _binary 0x5F5F63695F6C6173745F726567656E65726174657C693A313630353438313838383B),
	('985ors2gvtt333688u7a4vtrfoirsvip', '192.168.21.70', 1605217201, _binary 0x5F5F63695F6C6173745F726567656E65726174657C693A313630353231373230313B),
	('98gv2f5sqn8se7co1gvqrhdns2kvfjm3', '::1', 1605144997, _binary 0x5F5F63695F6C6173745F726567656E65726174657C693A313630353134343939373B),
	('998sl84mtqoj0qom966e7lqhshvoctq1', '192.168.21.3', 1605641039, _binary 0x5F5F63695F6C6173745F726567656E65726174657C693A313630353634313033393B),
	('9a498446cig6u2to11qa6dp24j3r7h0q', '::1', 1605144729, _binary 0x5F5F63695F6C6173745F726567656E65726174657C693A313630353134343732393B),
	('9ai7tcfua6p1nsvsihqceuvqkpg433k8', '::1', 1605482081, _binary 0x5F5F63695F6C6173745F726567656E65726174657C693A313630353438323038313B),
	('9alklffqosqr869rdbadq0unacf0b2rp', '192.168.21.70', 1605384797, _binary 0x5F5F63695F6C6173745F726567656E65726174657C693A313630353338343739373B),
	('9brv2aam2tavf9gc5vpglnbednhohn8n', '::1', 1605146256, _binary 0x5F5F63695F6C6173745F726567656E65726174657C693A313630353134363235363B),
	('9dbk5nskub5roq2qb6g7fr9m4587j61m', '::1', 1605629779, _binary 0x5F5F63695F6C6173745F726567656E65726174657C693A313630353632393731383B69647573756172696F7C733A323A223232223B6C6F676561646F7C623A313B),
	('9dlan7flnl21m7mgfpvsa6qoughta738', '::1', 1605146256, _binary 0x5F5F63695F6C6173745F726567656E65726174657C693A313630353134363235363B),
	('9esescsnqbk9nfrk0bm47de9k4mbloae', '192.168.21.3', 1605148477, _binary 0x5F5F63695F6C6173745F726567656E65726174657C693A313630353134383435343B),
	('9esg6gnlja0j38t6vg10aav2u9j522t1', '192.168.21.3', 1605651877, _binary 0x5F5F63695F6C6173745F726567656E65726174657C693A313630353635313837373B),
	('9gc40rm7ifnpusb67399lqdmu2ck3icj', '::1', 1605481793, _binary 0x5F5F63695F6C6173745F726567656E65726174657C693A313630353438313739333B),
	('9j9arpu8740os3jrbkj4s1pegbd126qr', '::1', 1605481617, _binary 0x5F5F63695F6C6173745F726567656E65726174657C693A313630353438313631373B),
	('9jf2pvfb93f7s9sdbaiji9dr19quqrfg', '::1', 1605482081, _binary 0x5F5F63695F6C6173745F726567656E65726174657C693A313630353438323038313B),
	('9k019d6bt7lbavprpfq1g4n2nr9d2hjk', '::1', 1605385470, _binary 0x5F5F63695F6C6173745F726567656E65726174657C693A313630353338353437303B),
	('9q7d56tcjradusglqpobrk08nq2ui1bm', '::1', 1605146292, _binary 0x5F5F63695F6C6173745F726567656E65726174657C693A313630353134363239323B),
	('9qv1kigehi71fj513uoee75irikk483m', '::1', 1605146254, _binary 0x5F5F63695F6C6173745F726567656E65726174657C693A313630353134363235343B),
	('9s37pijkjoju1afs6pr9jlh4eq4qhqrr', '::1', 1605482081, _binary 0x5F5F63695F6C6173745F726567656E65726174657C693A313630353438323038313B),
	('9tde2d8n6hataurvvmnnqb81u0nlpdnq', '192.168.21.3', 1605497729, _binary 0x5F5F63695F6C6173745F726567656E65726174657C693A313630353439373732393B),
	('9uas2uc3jeosgkruteqhs14uojcl8031', '::1', 1605146256, _binary 0x5F5F63695F6C6173745F726567656E65726174657C693A313630353134363235363B),
	('9ufdigtahc82dnsoagqj5ibav0qoe786', '::1', 1605385469, _binary 0x5F5F63695F6C6173745F726567656E65726174657C693A313630353338353436393B),
	('9vdnea183fmp1iqgj3a7escda8qccleu', '::1', 1605144775, _binary 0x5F5F63695F6C6173745F726567656E65726174657C693A313630353134343737353B),
	('a14aqvg21ehftfg5dv9hbhup3d24065h', '::1', 1605146259, _binary 0x5F5F63695F6C6173745F726567656E65726174657C693A313630353134363235393B),
	('a1ntno8smp7ar955cfhngah4iael7sek', '192.168.21.3', 1605652378, _binary 0x5F5F63695F6C6173745F726567656E65726174657C693A313630353635323337383B),
	('a23sdm1dggsqll6lc9blnr357sft647r', '::1', 1605481617, _binary 0x5F5F63695F6C6173745F726567656E65726174657C693A313630353438313631373B),
	('a31napr03tfmmn2lb835ptth2gl8fdvk', '192.168.21.70', 1605389435, _binary 0x5F5F63695F6C6173745F726567656E65726174657C693A313630353338393433353B),
	('a3k20r76194osbp8a1rangq2s92fnmg5', '::1', 1605146256, _binary 0x5F5F63695F6C6173745F726567656E65726174657C693A313630353134363235363B),
	('a3tpgm1fgqjvbdtf9ou2lou4fu3963i7', '::1', 1605385469, _binary 0x5F5F63695F6C6173745F726567656E65726174657C693A313630353338353436393B),
	('a4c6opep6h030ee0ak3qo7lf4n3255g4', '::1', 1605144720, _binary 0x5F5F63695F6C6173745F726567656E65726174657C693A313630353134343732303B),
	('a4ke59nhlnqr4jnj0cr47q159nf5ble5', '::1', 1605482033, _binary 0x5F5F63695F6C6173745F726567656E65726174657C693A313630353438323033333B),
	('a4sa4i5nj90ae4ttne2ql0471oo24vnm', '::1', 1605385469, _binary 0x5F5F63695F6C6173745F726567656E65726174657C693A313630353338353436393B),
	('a63tr1vr42aavorfh4sdarfft43qj549', '::1', 1605384194, _binary 0x5F5F63695F6C6173745F726567656E65726174657C693A313630353338343139343B),
	('a6iep3ihj6coqju4406c5mk5jfo7am5g', '::1', 1605146256, _binary 0x5F5F63695F6C6173745F726567656E65726174657C693A313630353134363235363B),
	('a6irk06cj984u5vp8riohkf66sd32d4p', '::1', 1605146291, _binary 0x5F5F63695F6C6173745F726567656E65726174657C693A313630353134363239313B),
	('a86obbgn2gtf3haibv0c7lmlvtia3spo', '::1', 1605146254, _binary 0x5F5F63695F6C6173745F726567656E65726174657C693A313630353134363235343B),
	('a8n7ji4hncokca61um9iiliiudsuduho', '::1', 1605481793, _binary 0x5F5F63695F6C6173745F726567656E65726174657C693A313630353438313739333B),
	('aa7pnvkblb7cuncpjs2qvv6q330qas4a', '::1', 1605146261, _binary 0x5F5F63695F6C6173745F726567656E65726174657C693A313630353134363236313B),
	('aacupcm33b65l2qlals8o673gl0bobt2', '::1', 1605146279, _binary 0x5F5F63695F6C6173745F726567656E65726174657C693A313630353134363235353B69647573756172696F7C733A323A223232223B6C6F676561646F7C623A313B),
	('aautt7l5unart5267fs7or2391adptht', '::1', 1605481889, _binary 0x5F5F63695F6C6173745F726567656E65726174657C693A313630353438313838393B),
	('ad8jvkeagg9dcpf0i0a8i7olc68mf9eg', '::1', 1605482033, _binary 0x5F5F63695F6C6173745F726567656E65726174657C693A313630353438323033333B),
	('adkqbu8qksvi50rd1nl98tadu4prp5mc', '::1', 1605144998, _binary 0x5F5F63695F6C6173745F726567656E65726174657C693A313630353134343939383B),
	('adn0f5se03u0uv5nhsh34c78lsci25vr', '::1', 1605146261, _binary 0x5F5F63695F6C6173745F726567656E65726174657C693A313630353134363236313B),
	('adqoojt8rq34v57q7hcfoolf50ku2tql', '::1', 1605384194, _binary 0x5F5F63695F6C6173745F726567656E65726174657C693A313630353338343139343B),
	('adss253ct7npub8ln3n52dkge63cdgai', '::1', 1605144775, _binary 0x5F5F63695F6C6173745F726567656E65726174657C693A313630353134343737353B),
	('ae3n6pfbl1je3l39lbkkgmdgjum84lq5', '::1', 1605146254, _binary 0x5F5F63695F6C6173745F726567656E65726174657C693A313630353134363235343B),
	('ae9uliqn5occddah3d3gi3gplhf24jpo', '::1', 1605384197, _binary 0x5F5F63695F6C6173745F726567656E65726174657C693A313630353338343139373B),
	('aenkolmto49moesq2co5t82ftdm09itr', '::1', 1605144721, _binary 0x5F5F63695F6C6173745F726567656E65726174657C693A313630353134343732313B),
	('ag9n2g8ob2d0v6qrpvv8b7clmt9ub05c', '::1', 1605146260, _binary 0x5F5F63695F6C6173745F726567656E65726174657C693A313630353134363235363B69647573756172696F7C733A323A223232223B6C6F676561646F7C623A313B),
	('ah8d68p4jqhrlfqilkr8695hut4tddci', '::1', 1605146261, _binary 0x5F5F63695F6C6173745F726567656E65726174657C693A313630353134363236313B69647573756172696F7C733A323A223232223B6C6F676561646F7C623A313B),
	('ahj3ohq96n7rebogehtmi6ufhpk6k8lr', '::1', 1605144730, _binary 0x5F5F63695F6C6173745F726567656E65726174657C693A313630353134343733303B),
	('akef0tegbtc2tfv1e3vrojjp2sq1223e', '::1', 1605144997, _binary 0x5F5F63695F6C6173745F726567656E65726174657C693A313630353134343939373B),
	('ale1c8ugd42iimkrmlaeaqk68hjfo6n1', '::1', 1605144730, _binary 0x5F5F63695F6C6173745F726567656E65726174657C693A313630353134343733303B),
	('am5toe95qtfhqrb8ap7s76npfco5bolr', '::1', 1605146255, _binary 0x5F5F63695F6C6173745F726567656E65726174657C693A313630353134363235353B),
	('am7am7nosdqbj03geu6lmf5cq2nib4as', '::1', 1605146254, _binary 0x5F5F63695F6C6173745F726567656E65726174657C693A313630353134363235343B),
	('amvjjq7ggj91sofdbe6hkluhigeemm2e', '::1', 1605384197, _binary 0x5F5F63695F6C6173745F726567656E65726174657C693A313630353338343139373B),
	('an4ssl4m8qsgp53hhso378dak7t4por6', '::1', 1605146260, _binary 0x5F5F63695F6C6173745F726567656E65726174657C693A313630353134363236303B),
	('anbk703iav7tilbgqasbkg38chmcj73h', '::1', 1605144998, _binary 0x5F5F63695F6C6173745F726567656E65726174657C693A313630353134343939383B),
	('anhckmmfsubos8m5f8vc9vrh6u1ckvbe', '::1', 1605482033, _binary 0x5F5F63695F6C6173745F726567656E65726174657C693A313630353438323033333B),
	('anovpmdsfc0r1imuk6g5nm3gkfqviuj6', '::1', 1605384197, _binary 0x5F5F63695F6C6173745F726567656E65726174657C693A313630353338343139373B),
	('ao0uqv2vufqtf4cn34vccpu3oop3odpn', '::1', 1605481617, _binary 0x5F5F63695F6C6173745F726567656E65726174657C693A313630353438313631373B),
	('ap7jss72nhnpml42s01ield6dk7puqal', '::1', 1605144730, _binary 0x5F5F63695F6C6173745F726567656E65726174657C693A313630353134343733303B),
	('aqafgdlm956cvpik6rhu5n49234kc9tu', '::1', 1605146261, _binary 0x5F5F63695F6C6173745F726567656E65726174657C693A313630353134363236313B),
	('aro7tpunhsl9ohltcgqpb5gtfsoc61lf', '192.168.21.70', 1605387071, _binary 0x5F5F63695F6C6173745F726567656E65726174657C693A313630353338373037313B),
	('arsles8tj8udu0h7cg7ca4umg0s3nubi', '::1', 1605481892, _binary 0x5F5F63695F6C6173745F726567656E65726174657C693A313630353438313839323B),
	('as2khajhmc0jnblrdt5bk14drpfgtrqd', '::1', 1605144730, _binary 0x5F5F63695F6C6173745F726567656E65726174657C693A313630353134343733303B),
	('ashjkscr38f1a10tmeag65adeh9in754', '::1', 1605144840, _binary 0x5F5F63695F6C6173745F726567656E65726174657C693A313630353134343834303B),
	('atjdtpvoncp9ogsh7rn4s2tp3cfugoiv', '::1', 1605144775, _binary 0x5F5F63695F6C6173745F726567656E65726174657C693A313630353134343737353B),
	('b2e8o855pj5rbc9f4jo82713cdk6lokj', '::1', 1605629718, _binary 0x5F5F63695F6C6173745F726567656E65726174657C693A313630353632393639383B),
	('b304u0pj7j2h696vjgttb8hh11iaaa9c', '::1', 1605146292, _binary 0x5F5F63695F6C6173745F726567656E65726174657C693A313630353134363239323B),
	('b3k8jb605ail0ukrq54phv4bkopjbaol', '::1', 1605482033, _binary 0x5F5F63695F6C6173745F726567656E65726174657C693A313630353438323033333B),
	('b481ahonfs1a3lqur3vr27ap13u8gov7', '::1', 1605146257, _binary 0x5F5F63695F6C6173745F726567656E65726174657C693A313630353134363235373B),
	('b4hqudr2q4q9gjh17mfb0nqm6j51n33o', '::1', 1605482034, _binary 0x5F5F63695F6C6173745F726567656E65726174657C693A313630353438323033343B),
	('b4mhl4sqrkpp4mb3fdrgn6mjq99i9bu3', '::1', 1605146254, _binary 0x5F5F63695F6C6173745F726567656E65726174657C693A313630353134363235343B),
	('b6ef6s361hed6lnhueoreqfh2tdonai1', '::1', 1605481618, _binary 0x5F5F63695F6C6173745F726567656E65726174657C693A313630353438313631383B),
	('b6kv0u4gui5nc46gtomr6es0rk6ggtpr', '::1', 1605144775, _binary 0x5F5F63695F6C6173745F726567656E65726174657C693A313630353134343737353B),
	('b6vmohmed3tdvsql1rh8a60dd7i4jg07', '::1', 1605144720, _binary 0x5F5F63695F6C6173745F726567656E65726174657C693A313630353134343732303B),
	('b73gi6pt8ae8slt0fkfhru9mj9n8f5da', '::1', 1605144730, _binary 0x5F5F63695F6C6173745F726567656E65726174657C693A313630353134343733303B),
	('b9q5ib6gh9fp49lrrl7ra9hatucdkm4o', '::1', 1605384197, _binary 0x5F5F63695F6C6173745F726567656E65726174657C693A313630353338343139373B),
	('bb6ghhp117ekc2apeip441up3mg1lsi6', '::1', 1605144997, _binary 0x5F5F63695F6C6173745F726567656E65726174657C693A313630353134343939373B),
	('bcppl2rlpndg0r29kujq4oq814vou5hq', '::1', 1605629698, _binary 0x5F5F63695F6C6173745F726567656E65726174657C693A313630353632393639383B),
	('bdbn7nsl67e8c6rc9s610mt6s5g7okag', '::1', 1605482084, _binary 0x5F5F63695F6C6173745F726567656E65726174657C693A313630353438323038313B),
	('bee4v6s1vsjq78hcro2sdeerckhqcqn3', '::1', 1605482081, _binary 0x5F5F63695F6C6173745F726567656E65726174657C693A313630353438323038313B),
	('bi21i4t8gp3c10qi8t52prcg08ag8sa1', '::1', 1605146256, _binary 0x5F5F63695F6C6173745F726567656E65726174657C693A313630353134363235363B),
	('biidfpmeboobg8dcprppu2h992tphdsg', '192.168.21.3', 1605223877, _binary 0x5F5F63695F6C6173745F726567656E65726174657C693A313630353232333837373B),
	('bonlsjjk9ua95dmibbijnqjmb91lbcs3', '::1', 1605481793, _binary 0x5F5F63695F6C6173745F726567656E65726174657C693A313630353438313739333B69647573756172696F7C733A323A223232223B6C6F676561646F7C623A313B),
	('bpjuhbtalnr31b45hon0d21r5td3t0kq', '::1', 1605146259, _binary 0x5F5F63695F6C6173745F726567656E65726174657C693A313630353134363235393B),
	('brvdvcqe8oc6b88t11brgndddd7vll7f', '::1', 1605481792, _binary 0x5F5F63695F6C6173745F726567656E65726174657C693A313630353438313739323B),
	('bssas4g4dip9tjqkcm426sufmvqk3dng', '::1', 1605384197, _binary 0x5F5F63695F6C6173745F726567656E65726174657C693A313630353338343139373B),
	('btvf03tpsl89m786v5i7co0qg1lp66oa', '::1', 1605629698, _binary 0x5F5F63695F6C6173745F726567656E65726174657C693A313630353632393639383B),
	('bul48i0bkguaekvq9qc2e34ks7if0hmt', '::1', 1605481892, _binary 0x5F5F63695F6C6173745F726567656E65726174657C693A313630353438313838393B),
	('bvbgjc5v8kod5irqi1p6d7lcchnm7nl4', '::1', 1605146256, _binary 0x5F5F63695F6C6173745F726567656E65726174657C693A313630353134363235363B),
	('c1bpi15m2rpmrj833qqv3ksj1235v1bc', '::1', 1605146291, _binary 0x5F5F63695F6C6173745F726567656E65726174657C693A313630353134363239313B),
	('c1okihrqe2r0e5ekluhk2h3lh4fsio38', '::1', 1605481618, _binary 0x5F5F63695F6C6173745F726567656E65726174657C693A313630353438313631383B),
	('c2h7e0m79ikdo5810aje4hbo5nq43bd7', '::1', 1605385470, _binary 0x5F5F63695F6C6173745F726567656E65726174657C693A313630353338353437303B),
	('c3rueubdodma6hc28akfu97ke7t7vl9r', '::1', 1605146291, _binary 0x5F5F63695F6C6173745F726567656E65726174657C693A313630353134363239313B),
	('c58t1jb16ks9u8667k9sh11lpn4tc59r', '::1', 1605482033, _binary 0x5F5F63695F6C6173745F726567656E65726174657C693A313630353438323033333B),
	('c5hqd8r79mngldqjf5214g8e9m4ihnil', '::1', 1605482033, _binary 0x5F5F63695F6C6173745F726567656E65726174657C693A313630353438323033333B),
	('c7dickt4q613riesngbi8p4i82ia10u0', '192.168.21.3', 1605637284, _binary 0x5F5F63695F6C6173745F726567656E65726174657C693A313630353633373135363B),
	('c7h205jg3g2rqbc1r5d6n6jk653sh3su', '192.168.21.70', 1605652162, _binary 0x5F5F63695F6C6173745F726567656E65726174657C693A313630353635323136323B),
	('c8h5jidrtv72h6lfo9mqpg7tqtj40hgk', '::1', 1605144730, _binary 0x5F5F63695F6C6173745F726567656E65726174657C693A313630353134343733303B),
	('caagp4juisag9vkll030id04q6sgsntu', '192.168.21.3', 1605498219, _binary 0x5F5F63695F6C6173745F726567656E65726174657C693A313630353439383231393B),
	('cb8hhliv8smkrihl0cjlv3o8p2t1q1fn', '::1', 1605481889, _binary 0x5F5F63695F6C6173745F726567656E65726174657C693A313630353438313838393B),
	('cd2prpnu6v7h04rb47ougr0qduggjqgd', '::1', 1605384208, _binary 0x5F5F63695F6C6173745F726567656E65726174657C693A313630353338343139373B69647573756172696F7C733A323A223232223B6C6F676561646F7C623A313B),
	('cdlp89d3kouumbjg9pnvktt28g8hhr9r', '::1', 1605482081, _binary 0x5F5F63695F6C6173745F726567656E65726174657C693A313630353438323038313B),
	('cevd41ticl50u9d2idushhnu4dskl16c', '::1', 1605144839, _binary 0x5F5F63695F6C6173745F726567656E65726174657C693A313630353134343833393B),
	('cf4m31odm9sumd19qq615e1tg9dbrn3a', '::1', 1605144721, _binary 0x5F5F63695F6C6173745F726567656E65726174657C693A313630353134343732313B),
	('cgqgurak4n8hlt3v1r0e5l6ss98m21aj', '::1', 1605148464, _binary 0x5F5F63695F6C6173745F726567656E65726174657C693A313630353134383436343B),
	('ch9a63vj7egb54vnp7au1j7qovf8ighl', '::1', 1605481618, _binary 0x5F5F63695F6C6173745F726567656E65726174657C693A313630353438313631383B),
	('ch9ue15s1lsrahb4ge178gmd7hfc2c8r', '::1', 1605148464, _binary 0x5F5F63695F6C6173745F726567656E65726174657C693A313630353134383436343B),
	('chggu5giko8beml5n0544mgjd0h86v15', '192.168.21.3', 1605481824, _binary 0x5F5F63695F6C6173745F726567656E65726174657C693A313630353438313832343B),
	('cihu2ntb0pbcbeuvq1pmbnipfkpv1lec', '::1', 1605144997, _binary 0x5F5F63695F6C6173745F726567656E65726174657C693A313630353134343939373B),
	('clk4nisp2k1u6fmrgpak3bh6ro9bteas', '::1', 1605148464, _binary 0x5F5F63695F6C6173745F726567656E65726174657C693A313630353134383436343B),
	('cm5vpm9v4c8spmbkamk9m5opkm6agsmi', '::1', 1605146256, _binary 0x5F5F63695F6C6173745F726567656E65726174657C693A313630353134363235363B),
	('cn9ucvtmovojtart7u6u24mi5p25bc3u', '::1', 1605482037, _binary 0x5F5F63695F6C6173745F726567656E65726174657C693A313630353438323033373B),
	('cor8lbe7767qiuub6kpe857pbum2n1v0', '::1', 1605144997, _binary 0x5F5F63695F6C6173745F726567656E65726174657C693A313630353134343939373B),
	('cp3p92u5naiqo1tovouhoc2gpv7mrk2g', '::1', 1605148464, _binary 0x5F5F63695F6C6173745F726567656E65726174657C693A313630353134383436343B),
	('cp44mbr21t50na6kdmfic9ehh5nm8jcn', '::1', 1605144729, _binary 0x5F5F63695F6C6173745F726567656E65726174657C693A313630353134343732393B),
	('cpttuksvdjpmp1323uslmudkgafutu5g', '::1', 1605146254, _binary 0x5F5F63695F6C6173745F726567656E65726174657C693A313630353134363235343B),
	('cq6gsgfk2t8c61mheukf582fdeod7ecq', '::1', 1605146260, _binary 0x5F5F63695F6C6173745F726567656E65726174657C693A313630353134363236303B),
	('cqsspuu0ll708kvhn85k4ehv9iqc1847', '::1', 1605481792, _binary 0x5F5F63695F6C6173745F726567656E65726174657C693A313630353438313739323B),
	('cr57nsqvicsndirja3r1v8a5j1lk64om', '::1', 1605144721, _binary 0x5F5F63695F6C6173745F726567656E65726174657C693A313630353134343732313B),
	('ct9brjjn4j14heb9oqg10s99j5gb5v51', '::1', 1605146257, _binary 0x5F5F63695F6C6173745F726567656E65726174657C693A313630353134363235373B),
	('cufmfc16qk1rhb0lqje1d90t6absutsh', '192.168.21.70', 1605217201, _binary 0x5F5F63695F6C6173745F726567656E65726174657C693A313630353231373230313B),
	('cui3eqkba4ici9615fu58s8m7ahpo3nm', '::1', 1605146256, _binary 0x5F5F63695F6C6173745F726567656E65726174657C693A313630353134363235363B),
	('d18go31v9stlhcadulh8rc8gv5ld64pk', '::1', 1605146256, _binary 0x5F5F63695F6C6173745F726567656E65726174657C693A313630353134363235363B),
	('d25a3s9nru0uu0u0htc7t40q4av8i6km', '::1', 1605148464, _binary 0x5F5F63695F6C6173745F726567656E65726174657C693A313630353134383436343B),
	('d2hcg90sqaa40ij8hosjpbfcfon3edt7', '192.168.21.3', 1605230437, _binary 0x5F5F63695F6C6173745F726567656E65726174657C693A313630353233303433373B),
	('d36hr183tnmsl4otp411acv70ptg9n9k', '192.168.21.70', 1605146254, _binary 0x5F5F63695F6C6173745F726567656E65726174657C693A313630353134363235343B),
	('d4v729h0qllap6gj7ig018d1aulc0135', '::1', 1605481889, _binary 0x5F5F63695F6C6173745F726567656E65726174657C693A313630353438313838393B),
	('d58bd4e1f4e7clna3gcrns299f2mkvp4', '::1', 1605384194, _binary 0x5F5F63695F6C6173745F726567656E65726174657C693A313630353338343139343B),
	('d6gdo00j3f27405jst8mvev3h9pbi9l7', '192.168.21.70', 1605653162, _binary 0x5F5F63695F6C6173745F726567656E65726174657C693A313630353635333136323B69647573756172696F7C733A323A223233223B6C6F676561646F7C623A313B),
	('d7bcbpuk28r0miimdj5fr3edqohkbnt9', '::1', 1605482037, _binary 0x5F5F63695F6C6173745F726567656E65726174657C693A313630353438323033373B69647573756172696F7C733A323A223232223B6C6F676561646F7C623A313B),
	('d8vvimga6v78orkfusd1t3s7rb4omes9', '::1', 1605384194, _binary 0x5F5F63695F6C6173745F726567656E65726174657C693A313630353338343139343B),
	('dbinp16tu97avgmk3ll6pvetgk8t6gbo', '::1', 1605144840, _binary 0x5F5F63695F6C6173745F726567656E65726174657C693A313630353134343834303B),
	('dcmeatlbg0ef816t6p9jcgo9vlehirhe', '192.168.21.3', 1605631475, _binary 0x5F5F63695F6C6173745F726567656E65726174657C693A313630353633313437353B),
	('dcp7qvigso091nlhhop9oe3e239f0sgt', '::1', 1605146259, _binary 0x5F5F63695F6C6173745F726567656E65726174657C693A313630353134363235393B),
	('dd061oeae5ee0rlbugogvh8tctt0vakh', '::1', 1605481618, _binary 0x5F5F63695F6C6173745F726567656E65726174657C693A313630353438313631383B),
	('dd0q408o85ak67pgcrupto2srvgc9uih', '::1', 1605146291, _binary 0x5F5F63695F6C6173745F726567656E65726174657C693A313630353134363239313B),
	('de0fkvql0cjga25innjs7qlkrljecm7o', '::1', 1605148464, _binary 0x5F5F63695F6C6173745F726567656E65726174657C693A313630353134383436343B),
	('dem3cklmnvsvp3530etcl5o6937stk6o', '192.168.21.70', 1605652162, _binary 0x5F5F63695F6C6173745F726567656E65726174657C693A313630353635323136323B),
	('dg5cvg3v8fmhmdnvamnr63fccj6tfhs5', '192.168.21.70', 1605384797, _binary 0x5F5F63695F6C6173745F726567656E65726174657C693A313630353338343739373B),
	('dg9fdiv6m30l57dhm8lih6em7se25pv1', '192.168.21.70', 1605652154, _binary 0x5F5F63695F6C6173745F726567656E65726174657C693A313630353635323135343B),
	('dhcopmgf82ntgvvndgqc58tnet4t8net', '::1', 1605482033, _binary 0x5F5F63695F6C6173745F726567656E65726174657C693A313630353438323033333B),
	('dhtu78d5g35hfub6tn22acqtsdgbvp9r', '::1', 1605384194, _binary 0x5F5F63695F6C6173745F726567656E65726174657C693A313630353338343139343B),
	('dj3hsm0i88vtfg34it9ltaovkmsgpeu5', '::1', 1605144840, _binary 0x5F5F63695F6C6173745F726567656E65726174657C693A313630353134343834303B),
	('dj420tv0j7qofgcgf2n4sv2f5t60n2mf', '192.168.21.3', 1605495648, _binary 0x5F5F63695F6C6173745F726567656E65726174657C693A313630353439353634383B),
	('djiebo15uu28bgiko62er76o2bq31lnv', '::1', 1605481793, _binary 0x5F5F63695F6C6173745F726567656E65726174657C693A313630353438313739333B),
	('dkldj1j66ooppdidm45m5ujv0fshdr3v', '::1', 1605385470, _binary 0x5F5F63695F6C6173745F726567656E65726174657C693A313630353338353437303B),
	('dkna3c627ej0hbome42dn38a8hjigofg', '::1', 1605144998, _binary 0x5F5F63695F6C6173745F726567656E65726174657C693A313630353134343939383B),
	('dlht12o055jj3nfb8elgsoij3m2ootan', '::1', 1605148464, _binary 0x5F5F63695F6C6173745F726567656E65726174657C693A313630353134383436343B),
	('dtej00ulif7g819g83bphrkk2cne578v', '::1', 1605146260, _binary 0x5F5F63695F6C6173745F726567656E65726174657C693A313630353134363236303B),
	('duif73b8pkvahv605bons1i7u1qk28mp', '192.168.21.70', 1605653635, _binary 0x5F5F63695F6C6173745F726567656E65726174657C693A313630353635333634323B69647573756172696F7C733A323A223733223B6C6F676561646F7C623A313B),
	('dvp1l9uci0h6ieac0nm5853psb6qj9c8', '::1', 1605144721, _binary 0x5F5F63695F6C6173745F726567656E65726174657C693A313630353134343732313B),
	('e20ifhdolqcrslovc7lslu7cnka1n4nk', '::1', 1605481888, _binary 0x5F5F63695F6C6173745F726567656E65726174657C693A313630353438313838383B),
	('e2qbd653425ahha0u7daif4loeq125ia', '::1', 1605146256, _binary 0x5F5F63695F6C6173745F726567656E65726174657C693A313630353134363235363B),
	('e3fge1h2camhsd2qa9j55tmcuj6ihp3d', '::1', 1605482034, _binary 0x5F5F63695F6C6173745F726567656E65726174657C693A313630353438323033343B),
	('e47lhipt35mlsahmele5ijbuh5k4bkrf', '::1', 1605384197, _binary 0x5F5F63695F6C6173745F726567656E65726174657C693A313630353338343139373B),
	('e49qldj6h27tohuvrmr91ifp81mbnj01', '::1', 1605146256, _binary 0x5F5F63695F6C6173745F726567656E65726174657C693A313630353134363235363B),
	('e4tbeh9c0m7po2gnfshfspo2tfclqb85', '::1', 1605146291, _binary 0x5F5F63695F6C6173745F726567656E65726174657C693A313630353134363239313B),
	('e5mv9e7bhlvum7ehjcm18sj557d0n6q3', '::1', 1605385469, _binary 0x5F5F63695F6C6173745F726567656E65726174657C693A313630353338353436393B),
	('eaaglff7alo1ujognuia5qighvbinapd', '::1', 1605144721, _binary 0x5F5F63695F6C6173745F726567656E65726174657C693A313630353134343732313B),
	('eakiio0rkp26tt7g9h99rj7t15i4tn4p', '::1', 1605148464, _binary 0x5F5F63695F6C6173745F726567656E65726174657C693A313630353134383436343B),
	('ebbj8geocaup11ak3925q93kfv0t2dc7', '::1', 1605144730, _binary 0x5F5F63695F6C6173745F726567656E65726174657C693A313630353134343733303B),
	('ed1qeermobsatheg9ot8i1clus5lp8pl', '::1', 1605384196, _binary 0x5F5F63695F6C6173745F726567656E65726174657C693A313630353338343139363B),
	('edlamced5bboukge0ds3cfsrtjkgtbds', '::1', 1605144839, _binary 0x5F5F63695F6C6173745F726567656E65726174657C693A313630353134343833393B),
	('eg101vsvqpv9ldbq4mv7i114mmob8j19', '::1', 1605146260, _binary 0x5F5F63695F6C6173745F726567656E65726174657C693A313630353134363236303B),
	('eoctha9cllnp4o3g3c2bgm5oahro5qa8', '::1', 1605146256, _binary 0x5F5F63695F6C6173745F726567656E65726174657C693A313630353134363235363B),
	('eqnaejq2a5gu90efcq6cnlc70c017dd7', '::1', 1605146256, _binary 0x5F5F63695F6C6173745F726567656E65726174657C693A313630353134363235363B),
	('er83t1fltfqadou7qftr5s0db7o6kh28', '::1', 1605384196, _binary 0x5F5F63695F6C6173745F726567656E65726174657C693A313630353338343139363B),
	('f011g5eku37vq431l5q8j30jutdivmi3', '::1', 1605144839, _binary 0x5F5F63695F6C6173745F726567656E65726174657C693A313630353134343833393B),
	('f02b2ss4hgfq5o0uchlj549lm1jo0822', '::1', 1605146256, _binary 0x5F5F63695F6C6173745F726567656E65726174657C693A313630353134363235363B),
	('f082qebrnr8u8vilb809mhdsthcag7ps', '::1', 1605481618, _binary 0x5F5F63695F6C6173745F726567656E65726174657C693A313630353438313631383B),
	('f1jviocv6lqlujtqg5q4l9ut5mj7teej', '::1', 1605481889, _binary 0x5F5F63695F6C6173745F726567656E65726174657C693A313630353438313838393B),
	('f2kkf239aj6b8ij9bgh29t52t0q3o2dr', '::1', 1605481889, _binary 0x5F5F63695F6C6173745F726567656E65726174657C693A313630353438313838393B),
	('f49bl92jqkmt9luclin45hp9gvdbaepj', '::1', 1605144775, _binary 0x5F5F63695F6C6173745F726567656E65726174657C693A313630353134343737353B),
	('f5vtlape1avm0s3qskuaba40c8cjqshi', '::1', 1605146254, _binary 0x5F5F63695F6C6173745F726567656E65726174657C693A313630353134363235343B),
	('f7cbfba8u57ln6hsu21fbflhk97anvqv', '::1', 1605481793, _binary 0x5F5F63695F6C6173745F726567656E65726174657C693A313630353438313739333B),
	('faimqe7ek5pvld0k379u89b0va5ffhmc', '::1', 1605144776, _binary 0x5F5F63695F6C6173745F726567656E65726174657C693A313630353134343737353B),
	('faovtd9rr12me5fmmb5rockd7vm8smoo', '::1', 1605481792, _binary 0x5F5F63695F6C6173745F726567656E65726174657C693A313630353438313739323B),
	('fcmpjm1iv5tj26h6l9h6en9e37kmnlnd', '::1', 1605148464, _binary 0x5F5F63695F6C6173745F726567656E65726174657C693A313630353134383436343B),
	('fhfmpc8m661d9e0de5ccbtpjdkl4haks', '192.168.21.3', 1605485845, _binary 0x5F5F63695F6C6173745F726567656E65726174657C693A313630353438353834353B),
	('fhpbinetat93r48alro3q3a97tel0eob', '::1', 1605384196, _binary 0x5F5F63695F6C6173745F726567656E65726174657C693A313630353338343139363B),
	('fi0jki84kuq26gisqstck5q0u54eictb', '::1', 1605146254, _binary 0x5F5F63695F6C6173745F726567656E65726174657C693A313630353134363235343B),
	('fikolb9uo9gh5gbkri2ilqsphbm06kj5', '::1', 1605144840, _binary 0x5F5F63695F6C6173745F726567656E65726174657C693A313630353134343834303B),
	('filhsrln4jor3jhcoqrsl2mt3f28n61d', '::1', 1605148464, _binary 0x5F5F63695F6C6173745F726567656E65726174657C693A313630353134383436343B),
	('fj9orjo7psn33rcuo62pbv9232qa1ou3', '::1', 1605481793, _binary 0x5F5F63695F6C6173745F726567656E65726174657C693A313630353438313739333B),
	('fku0t86mvtlce544e7dhtjfqoj946jv3', '::1', 1605146291, _binary 0x5F5F63695F6C6173745F726567656E65726174657C693A313630353134363239313B),
	('fo56bp93ooqmf2dpb946tt0uj5p32rfj', '::1', 1605482081, _binary 0x5F5F63695F6C6173745F726567656E65726174657C693A313630353438323038313B),
	('focmfshb2ot67voole0gqli0dht6kodo', '::1', 1605146256, _binary 0x5F5F63695F6C6173745F726567656E65726174657C693A313630353134363235363B),
	('frprru7id4m06vhlpq9v1jc1i2rjnenn', '::1', 1605629697, _binary 0x5F5F63695F6C6173745F726567656E65726174657C693A313630353632393639373B),
	('ft5ok0f4instbc6lmkvci4uo104qc1qk', '::1', 1605629718, _binary 0x5F5F63695F6C6173745F726567656E65726174657C693A313630353632393731383B69647573756172696F7C733A323A223232223B6C6F676561646F7C623A313B),
	('ftd1ldb814i8e33jsuca8653u8mfhcbq', '::1', 1605146261, _binary 0x5F5F63695F6C6173745F726567656E65726174657C693A313630353134363236313B),
	('ftpltfe7i3g7l41m3dkbvhunfhrmgagu', '::1', 1605144775, _binary 0x5F5F63695F6C6173745F726567656E65726174657C693A313630353134343737353B),
	('fv4q0726anvrlu30a4g6b7kfu6nifl9g', '::1', 1605146291, _binary 0x5F5F63695F6C6173745F726567656E65726174657C693A313630353134363239313B),
	('g085admdl4dta3ehbhi58klk438imba2', '::1', 1605146292, _binary 0x5F5F63695F6C6173745F726567656E65726174657C693A313630353134363239323B69647573756172696F7C733A323A223232223B6C6F676561646F7C623A313B),
	('g148s914ej2vhllvalf3ng1aokdjodaa', '::1', 1605146256, _binary 0x5F5F63695F6C6173745F726567656E65726174657C693A313630353134363235363B),
	('g1uj7frvn72salpjargj49bg3uftkubf', '::1', 1605144721, _binary 0x5F5F63695F6C6173745F726567656E65726174657C693A313630353134343732313B),
	('g22il8i84nsl8f80iq3qj2oj2ci7t8f5', '192.168.21.3', 1605488774, _binary 0x5F5F63695F6C6173745F726567656E65726174657C693A313630353438383737343B),
	('g2vfcqt99ac2q2as6c1l220653u3qm00', '::1', 1605146266, _binary 0x5F5F63695F6C6173745F726567656E65726174657C693A313630353134363235353B69647573756172696F7C733A323A223232223B6C6F676561646F7C623A313B),
	('g40sur4vbp8o69b79ua06ocd3uruab9c', '::1', 1605481618, _binary 0x5F5F63695F6C6173745F726567656E65726174657C693A313630353438313631383B),
	('g5fv71npmurovfdovf603i4v9onlnjl2', '::1', 1605146259, _binary 0x5F5F63695F6C6173745F726567656E65726174657C693A313630353134363235393B),
	('g5k6n0l9ruhvs5ci2ieashkhvhn9dqva', '::1', 1605144998, _binary 0x5F5F63695F6C6173745F726567656E65726174657C693A313630353134343939383B),
	('g5o7vkdpmkquot6rke575mt7hsg036qi', '::1', 1605385470, _binary 0x5F5F63695F6C6173745F726567656E65726174657C693A313630353338353437303B),
	('g6ae8acuhoh1svpfce5it097ilhspmfi', '::1', 1605146259, _binary 0x5F5F63695F6C6173745F726567656E65726174657C693A313630353134363235393B),
	('g8fv74589anokc8sg8m44ibvn9crdi4r', '::1', 1605385470, _binary 0x5F5F63695F6C6173745F726567656E65726174657C693A313630353338353437303B69647573756172696F7C733A323A223232223B6C6F676561646F7C623A313B),
	('ge5ea4572kgd3k9kq5g5cedn59qpg5l5', '::1', 1605144721, _binary 0x5F5F63695F6C6173745F726567656E65726174657C693A313630353134343732313B),
	('ge9cgv94ls3kscpm3va3ngpq1o5uac3g', '::1', 1605148464, _binary 0x5F5F63695F6C6173745F726567656E65726174657C693A313630353134383436343B69647573756172696F7C733A323A223232223B6C6F676561646F7C623A313B),
	('gfbicaa0kaonrpr53oamd35l33ms4uv7', '::1', 1605481618, _binary 0x5F5F63695F6C6173745F726567656E65726174657C693A313630353438313631383B),
	('gi4cd1qb8muchpp3k0i4cg1njoq6snvs', '::1', 1605144840, _binary 0x5F5F63695F6C6173745F726567656E65726174657C693A313630353134343834303B),
	('gjhi80um2hqvsj1jjcjms53r0k7kcpc9', '::1', 1605144839, _binary 0x5F5F63695F6C6173745F726567656E65726174657C693A313630353134343833393B),
	('gjilee1i4gg5c61pi2rv76nuo4baqb68', '::1', 1605481618, _binary 0x5F5F63695F6C6173745F726567656E65726174657C693A313630353438313631383B),
	('gjkcaidbu3p9kucrviv6n2tnmc6g369k', '::1', 1605146292, _binary 0x5F5F63695F6C6173745F726567656E65726174657C693A313630353134363239323B),
	('gl2cfnqldhb39jef1cr4dnoiliqlbu0f', '::1', 1605144720, _binary 0x5F5F63695F6C6173745F726567656E65726174657C693A313630353134343732303B),
	('glsin6fuvc26hsv462anmjp8e49fhai0', '::1', 1605146254, _binary 0x5F5F63695F6C6173745F726567656E65726174657C693A313630353134363235343B),
	('gmlfdn50emlrgeol2vftpcnjr3fkhp1t', '::1', 1605482081, _binary 0x5F5F63695F6C6173745F726567656E65726174657C693A313630353438323038313B),
	('gnjhtnlashgrlth0ckt83oii59lboovv', '::1', 1605481793, _binary 0x5F5F63695F6C6173745F726567656E65726174657C693A313630353438313739333B),
	('go25afb7eea1uuiak73chu0f712kh09u', '::1', 1605146256, _binary 0x5F5F63695F6C6173745F726567656E65726174657C693A313630353134363235363B),
	('god4a030rs5u3tt2g5sdpb9qulb8kc95', '192.168.21.3', 1605497421, _binary 0x5F5F63695F6C6173745F726567656E65726174657C693A313630353439373432313B),
	('gofvjogrjmjed1fubmugofjq59ndjme9', '192.168.21.3', 1605630617, _binary 0x5F5F63695F6C6173745F726567656E65726174657C693A313630353633303232383B),
	('gon82pifsb9qarasscohqhvji1k2l3s2', '::1', 1605481792, _binary 0x5F5F63695F6C6173745F726567656E65726174657C693A313630353438313739323B),
	('gp4fvrcp3vonh8ska5h0l43g9198bb3j', '::1', 1605144998, _binary 0x5F5F63695F6C6173745F726567656E65726174657C693A313630353134343939383B),
	('gsmj342qc1bm64be4ec5cvmkp9l5teet', '::1', 1605146256, _binary 0x5F5F63695F6C6173745F726567656E65726174657C693A313630353134363235363B),
	('h15t40hvsbe3u3a4ts97v1b20lagtni2', '::1', 1605144839, _binary 0x5F5F63695F6C6173745F726567656E65726174657C693A313630353134343833393B),
	('h2cjd5dtq6dtq5970sbuao23ilkl51uk', '::1', 1605144840, _binary 0x5F5F63695F6C6173745F726567656E65726174657C693A313630353134343834303B),
	('h6j4le6n1j84cu4n5p5a4usalf5el49f', '192.168.21.70', 1605221263, _binary 0x5F5F63695F6C6173745F726567656E65726174657C693A313630353232313236333B),
	('h7tbhp2pprpd0ct3tja5lfp15s3dmm33', '::1', 1605144721, _binary 0x5F5F63695F6C6173745F726567656E65726174657C693A313630353134343732313B),
	('h9hkpsid6h66hbf7a6jrl5gc6pmrjvfc', '::1', 1605144720, _binary 0x5F5F63695F6C6173745F726567656E65726174657C693A313630353134343732303B),
	('ha51764bcls6eql7liur4k0j8irqsisk', '::1', 1605146261, _binary 0x5F5F63695F6C6173745F726567656E65726174657C693A313630353134363236313B),
	('hc1tog9jsrj7oifucvb8teofc31jdfsl', '::1', 1605146259, _binary 0x5F5F63695F6C6173745F726567656E65726174657C693A313630353134363235393B),
	('hcr90j6b04cp230vaepv3p9lggcpifa5', '::1', 1605629698, _binary 0x5F5F63695F6C6173745F726567656E65726174657C693A313630353632393639383B),
	('hd8792agb2032k4o34711ipksfbcp5jc', '::1', 1605144998, _binary 0x5F5F63695F6C6173745F726567656E65726174657C693A313630353134343939383B),
	('he5gsh4bl7vvmr51s4p5fk78jtriqi3a', '::1', 1605629698, _binary 0x5F5F63695F6C6173745F726567656E65726174657C693A313630353632393639383B),
	('hihk9dei4s3hgqsv0d6k0cclvc8f9tkl', '::1', 1605146291, _binary 0x5F5F63695F6C6173745F726567656E65726174657C693A313630353134363239313B),
	('hl1o5fuetjf03tia2mbai3022ki4ujn7', '192.168.21.3', 1605638521, _binary 0x5F5F63695F6C6173745F726567656E65726174657C693A313630353633383532313B),
	('hljb5pj7hup5hbpgntlhkm32ofrhutiu', '::1', 1605629698, _binary 0x5F5F63695F6C6173745F726567656E65726174657C693A313630353632393639383B),
	('hltmo7jfc1419urid39t2hih09ebj3mm', '::1', 1605146256, _binary 0x5F5F63695F6C6173745F726567656E65726174657C693A313630353134363235363B),
	('hn30v40664ua0qhcpr23iti4qsvt4g44', '::1', 1605385470, _binary 0x5F5F63695F6C6173745F726567656E65726174657C693A313630353338353437303B),
	('hnepdop3na7k9uida6v3m6udk3hsk6mo', '::1', 1605482033, _binary 0x5F5F63695F6C6173745F726567656E65726174657C693A313630353438323033333B),
	('hnu04si61p91pupngipoe5jogsiob1nb', '::1', 1605146260, _binary 0x5F5F63695F6C6173745F726567656E65726174657C693A313630353134363236303B),
	('ho0mmun5vvif3mgitarhrsokdh8g1hm5', '::1', 1605146259, _binary 0x5F5F63695F6C6173745F726567656E65726174657C693A313630353134363235393B),
	('hp23c83ko72t5um0fcr325mck6bf3akb', '192.168.21.70', 1605386696, _binary 0x5F5F63695F6C6173745F726567656E65726174657C693A313630353338363639363B),
	('hp2jcabrjrpt2d7a2u819de933tjf282', '::1', 1605146254, _binary 0x5F5F63695F6C6173745F726567656E65726174657C693A313630353134363235343B),
	('hs48j4t5c4cgjbj5mj36tvbtmvbgmsci', '::1', 1605146292, _binary 0x5F5F63695F6C6173745F726567656E65726174657C693A313630353134363239323B),
	('ht04d4hm93u79oeet8g60307v4nk940h', '::1', 1605146292, _binary 0x5F5F63695F6C6173745F726567656E65726174657C693A313630353134363239323B),
	('ht62b5picgr72e7aru4llqkhctvftpqs', '::1', 1605144721, _binary 0x5F5F63695F6C6173745F726567656E65726174657C693A313630353134343732313B),
	('ht9tt3bvkf0ub2ha9vha8gsggjl1tg4b', '::1', 1605146261, _binary 0x5F5F63695F6C6173745F726567656E65726174657C693A313630353134363236313B),
	('htjp852hfg7u1r8i64od7atf6fgkdfvf', '::1', 1605148464, _binary 0x5F5F63695F6C6173745F726567656E65726174657C693A313630353134383436343B),
	('hu2ongga41553uv806tgnhsfr9nm9mhh', '::1', 1605144775, _binary 0x5F5F63695F6C6173745F726567656E65726174657C693A313630353134343737353B),
	('huelkr17t8rp8usetap5t2uc0are2pbm', '::1', 1605384194, _binary 0x5F5F63695F6C6173745F726567656E65726174657C693A313630353338343139343B),
	('hvdf9088e807ri2tslc0naol15iue28m', '::1', 1605629698, _binary 0x5F5F63695F6C6173745F726567656E65726174657C693A313630353632393639383B),
	('i0rtkcs6j940g3r15luh272q3e5ul87a', '::1', 1605144730, _binary 0x5F5F63695F6C6173745F726567656E65726174657C693A313630353134343733303B),
	('i16gqnui06h69pau8nc6hu5bj15i19fv', '::1', 1605481792, _binary 0x5F5F63695F6C6173745F726567656E65726174657C693A313630353438313739323B),
	('i1a45g2n2po5q5habv46kbs38svguslu', '::1', 1605629698, _binary 0x5F5F63695F6C6173745F726567656E65726174657C693A313630353632393639383B),
	('i5oie2ibl25ihguv5hchkr42dk6e1mr7', '::1', 1605146260, _binary 0x5F5F63695F6C6173745F726567656E65726174657C693A313630353134363236303B),
	('i5tj0e2pu9h4qldssjog0k9r0f20t5un', '::1', 1605481888, _binary 0x5F5F63695F6C6173745F726567656E65726174657C693A313630353438313838383B),
	('i69be7t9a62mp8aa83kftm0cir81v6pd', '::1', 1605144775, _binary 0x5F5F63695F6C6173745F726567656E65726174657C693A313630353134343737353B),
	('i8utb0v9f88h1n6nv838hlval8uo6hd2', '::1', 1605144775, _binary 0x5F5F63695F6C6173745F726567656E65726174657C693A313630353134343737353B),
	('i9b58tk1dmp4o3fib2dhfqn0nji4outr', '::1', 1605146256, _binary 0x5F5F63695F6C6173745F726567656E65726174657C693A313630353134363235363B),
	('i9nl4ockmfkjmqpl6jiavf3lrltlh50l', '::1', 1605148464, _binary 0x5F5F63695F6C6173745F726567656E65726174657C693A313630353134383436343B),
	('iaqn4nndobkboubfm0632cfvn03akif2', '::1', 1605146254, _binary 0x5F5F63695F6C6173745F726567656E65726174657C693A313630353134363235343B),
	('ib8kgkq0l2fshqk80f2a3aooovde9evb', '::1', 1605481793, _binary 0x5F5F63695F6C6173745F726567656E65726174657C693A313630353438313739333B),
	('ibe9peqtdlpvc8gth4pniv0p4t7c7luc', '::1', 1605629698, _binary 0x5F5F63695F6C6173745F726567656E65726174657C693A313630353632393639383B),
	('if4pcvuqnmoehnhre53sd65f8l2vtn2p', '::1', 1605146254, _binary 0x5F5F63695F6C6173745F726567656E65726174657C693A313630353134363235343B),
	('ijvn35u44pv34et3vqcne1k4pe9opln2', '::1', 1605144997, _binary 0x5F5F63695F6C6173745F726567656E65726174657C693A313630353134343939373B),
	('il3vofkekdpo8qvksol2gfvbaj6k676a', '::1', 1605482081, _binary 0x5F5F63695F6C6173745F726567656E65726174657C693A313630353438323038313B),
	('ilt07375o5kf3tadvrnv26o2s363r9gf', '::1', 1605481618, _binary 0x5F5F63695F6C6173745F726567656E65726174657C693A313630353438313631383B),
	('img40bo3iqo2dfkiu74ajuqsd3q2vd3t', '192.168.21.70', 1605146266, _binary 0x5F5F63695F6C6173745F726567656E65726174657C693A313630353134363235343B),
	('io4v34qac8a08o822r9hpp8qi8chl5rr', '::1', 1605482081, _binary 0x5F5F63695F6C6173745F726567656E65726174657C693A313630353438323038313B),
	('io5tmtdnttic08i18g989o6ef7c7d9hr', '::1', 1605384194, _binary 0x5F5F63695F6C6173745F726567656E65726174657C693A313630353338343139343B),
	('iqcf3dba48i15qvadla78jvouvdkgl9c', '::1', 1605146260, _binary 0x5F5F63695F6C6173745F726567656E65726174657C693A313630353134363236303B),
	('ir2b729c9vvkl00tonlmii3hnhlumcof', '192.168.21.70', 1605389435, _binary 0x5F5F63695F6C6173745F726567656E65726174657C693A313630353338393433353B),
	('is5puf67pje7ekf4uo4q1k2o0cv99pf1', '::1', 1605144997, _binary 0x5F5F63695F6C6173745F726567656E65726174657C693A313630353134343939373B),
	('is9badnuk2eipk92e9r1qlvbsntlhhmo', '::1', 1605481617, _binary 0x5F5F63695F6C6173745F726567656E65726174657C693A313630353438313631373B),
	('istrluj3imhgcg709s5r0tomdp0uhn6a', '::1', 1605148464, _binary 0x5F5F63695F6C6173745F726567656E65726174657C693A313630353134383436343B),
	('it2j92kds4u0cc8ao1rcal3v9p9mehhf', '::1', 1605144775, _binary 0x5F5F63695F6C6173745F726567656E65726174657C693A313630353134343737353B),
	('iuhcbi0h9mc3hkfkr4pfm5er8sn233lu', '::1', 1605144730, _binary 0x5F5F63695F6C6173745F726567656E65726174657C693A313630353134343733303B),
	('iuqv492ql3d8iqt4okr93p1j39b95kub', '192.168.21.3', 1605654925, _binary 0x5F5F63695F6C6173745F726567656E65726174657C693A313630353635343932353B),
	('j0ljvjttipsqqjcc9lk0oj0su32odqf3', '::1', 1605384207, _binary 0x5F5F63695F6C6173745F726567656E65726174657C693A313630353338343139343B69647573756172696F7C733A323A223232223B6C6F676561646F7C623A313B),
	('j27p252i5gnti4cqeskcci1aasnqdari', '::1', 1605144840, _binary 0x5F5F63695F6C6173745F726567656E65726174657C693A313630353134343834303B),
	('j3iff2dbrombekg1d2tpq90jvjaudtd0', '::1', 1605384196, _binary 0x5F5F63695F6C6173745F726567656E65726174657C693A313630353338343139363B),
	('j4rk92886ibqf6pdoiiih7rdv51fumao', '192.168.21.70', 1605389435, _binary 0x5F5F63695F6C6173745F726567656E65726174657C693A313630353338393433353B),
	('j76u30dg1038f7urglnon3hofj1i7vqq', '::1', 1605146254, _binary 0x5F5F63695F6C6173745F726567656E65726174657C693A313630353134363235343B),
	('j9satn4r8hh8c8dkpr52jrgbav94urdd', '::1', 1605146256, _binary 0x5F5F63695F6C6173745F726567656E65726174657C693A313630353134363235363B),
	('jacrg5ifsua2tqqhadc7cp6rn6t35p7r', '::1', 1605146257, _binary 0x5F5F63695F6C6173745F726567656E65726174657C693A313630353134363235373B),
	('jb04r863a9ctt890b19272a1gcso088h', '::1', 1605146292, _binary 0x5F5F63695F6C6173745F726567656E65726174657C693A313630353134363239323B),
	('jbp9sucrr40jg8jccacv4al0lk6dgup2', '::1', 1605144998, _binary 0x5F5F63695F6C6173745F726567656E65726174657C693A313630353134343939383B),
	('jc8t86j6glt6j52gm9ahqlnrrqfq9fg4', '::1', 1605146255, _binary 0x5F5F63695F6C6173745F726567656E65726174657C693A313630353134363235353B),
	('je090r0oqphiid0nqg9eicfv4tude44s', '::1', 1605385470, _binary 0x5F5F63695F6C6173745F726567656E65726174657C693A313630353338353437303B),
	('jegn36f20tbbsm12ejtglcbjgl7theg1', '::1', 1605144998, _binary 0x5F5F63695F6C6173745F726567656E65726174657C693A313630353134343939383B),
	('jf58g5h2scfma9thh0o3df9685e75im4', '::1', 1605146259, _binary 0x5F5F63695F6C6173745F726567656E65726174657C693A313630353134363235393B),
	('jfc61g2ksngrnr8cc5p7avkkfa8epiaa', '192.168.21.3', 1605652378, _binary 0x5F5F63695F6C6173745F726567656E65726174657C693A313630353635323337383B),
	('jg1g6nqkjlr6dc4vvvljp3vqmgmppk2g', '::1', 1605385470, _binary 0x5F5F63695F6C6173745F726567656E65726174657C693A313630353338353437303B),
	('jg66qt7jjhhucjfihudvmstmf3tad5sc', '::1', 1605144729, _binary 0x5F5F63695F6C6173745F726567656E65726174657C693A313630353134343732393B),
	('jhe148p0bfsg6s26msbd80tbpvt9q3v8', '192.168.21.3', 1605385469, _binary 0x5F5F63695F6C6173745F726567656E65726174657C693A313630353338353436393B),
	('jhq5f6hbs040vfl96p0o9c6srhln2jri', '::1', 1605146259, _binary 0x5F5F63695F6C6173745F726567656E65726174657C693A313630353134363235393B),
	('jk1jpvtvk80d9lnfec9o041g1f6eva0o', '::1', 1605481889, _binary 0x5F5F63695F6C6173745F726567656E65726174657C693A313630353438313838393B),
	('jls2r9okrolcd01nkv3bacbc33rh6u1n', '192.168.21.70', 1605652154, _binary 0x5F5F63695F6C6173745F726567656E65726174657C693A313630353635323135343B),
	('jm834o2eqip00amj4sei1odlqfig176k', '::1', 1605146291, _binary 0x5F5F63695F6C6173745F726567656E65726174657C693A313630353134363239313B),
	('jnegg9vuhvv26r0lhueeht11lh1mc4lq', '::1', 1605146257, _binary 0x5F5F63695F6C6173745F726567656E65726174657C693A313630353134363235373B69647573756172696F7C733A323A223232223B6C6F676561646F7C623A313B),
	('jnqlhqcm5fibjbcplmn95l51mels0u6a', '::1', 1605146256, _binary 0x5F5F63695F6C6173745F726567656E65726174657C693A313630353134363235363B),
	('jors8fu93avtmav2upnvpdeffav56bg6', '::1', 1605146259, _binary 0x5F5F63695F6C6173745F726567656E65726174657C693A313630353134363235393B),
	('jpcaon6bkgfnppp83r5h1vsgfgfa4upi', '::1', 1605144775, _binary 0x5F5F63695F6C6173745F726567656E65726174657C693A313630353134343737353B),
	('jpn5ug3677p2kcu6roeavm4kmjvc4j13', '::1', 1605146256, _binary 0x5F5F63695F6C6173745F726567656E65726174657C693A313630353134363235363B),
	('jq7mrqohjtv4pbpapsqqpo8skjakkmkl', '::1', 1605146256, _binary 0x5F5F63695F6C6173745F726567656E65726174657C693A313630353134363235363B),
	('jqlr17lj53562t1ju87tbffdoot7sj59', '::1', 1605629698, _binary 0x5F5F63695F6C6173745F726567656E65726174657C693A313630353632393639383B),
	('jroc2hcrcv925025fa9edgge8i4o03qh', '::1', 1605144730, _binary 0x5F5F63695F6C6173745F726567656E65726174657C693A313630353134343733303B),
	('jstos3cf1tpp67gbo0e5m3ev5frkk5q5', '::1', 1605144839, _binary 0x5F5F63695F6C6173745F726567656E65726174657C693A313630353134343833393B),
	('jt75bheea4qvojetr9och88rbbpjakuq', '::1', 1605144775, _binary 0x5F5F63695F6C6173745F726567656E65726174657C693A313630353134343737353B),
	('k1ia2pbcpcg80br8ttuhdtmnrmtmn4ei', '::1', 1605144721, _binary 0x5F5F63695F6C6173745F726567656E65726174657C693A313630353134343732313B),
	('k47bo6la9pj69di8aqb2jjke2i1iau7a', '::1', 1605482081, _binary 0x5F5F63695F6C6173745F726567656E65726174657C693A313630353438323038313B),
	('k69na8jp1693j5vmi4fldnahgshpanu3', '::1', 1605481618, _binary 0x5F5F63695F6C6173745F726567656E65726174657C693A313630353438313631383B),
	('k6pnv78qdr85v6a257oip98e2vmrp0rg', '::1', 1605146256, _binary 0x5F5F63695F6C6173745F726567656E65726174657C693A313630353134363235363B),
	('k7kdck3lv0r6vpvq0eu86gbt24rr0j0d', '::1', 1605385470, _binary 0x5F5F63695F6C6173745F726567656E65726174657C693A313630353338353437303B),
	('k99tiopf6dbpgtlc4imd1qnhai15ipmf', '::1', 1605629698, _binary 0x5F5F63695F6C6173745F726567656E65726174657C693A313630353632393639383B),
	('k9maqjfid982hnv181cq8c7piif34m44', '::1', 1605146292, _binary 0x5F5F63695F6C6173745F726567656E65726174657C693A313630353134363239323B),
	('kamqhrdfcgaoa4i6v00fmqp3rlnfkgbj', '::1', 1605144998, _binary 0x5F5F63695F6C6173745F726567656E65726174657C693A313630353134343939383B),
	('kaun6phn965052tn3ec5rla39nu6kp2q', '::1', 1605629698, _binary 0x5F5F63695F6C6173745F726567656E65726174657C693A313630353632393639383B),
	('kdh6mgp2q6f7vpvem78vr3rlr8s8hd3m', '::1', 1605146254, _binary 0x5F5F63695F6C6173745F726567656E65726174657C693A313630353134363235343B),
	('kf435gs9eafs7ao8rc36v41765tu6p0i', '::1', 1605144721, _binary 0x5F5F63695F6C6173745F726567656E65726174657C693A313630353134343732313B),
	('kg6s81j6ab58h9tqt5f1qeh2hpr1mrcp', '::1', 1605146259, _binary 0x5F5F63695F6C6173745F726567656E65726174657C693A313630353134363235393B),
	('ki8u3ncaikbs26tppm1e5gg7sg77nokr', '::1', 1605481618, _binary 0x5F5F63695F6C6173745F726567656E65726174657C693A313630353438313631383B),
	('kik0gago4ta8dmllmlk09q09et4q2q2n', '::1', 1605384193, _binary 0x5F5F63695F6C6173745F726567656E65726174657C693A313630353338343139333B),
	('kj19gsuansk5gn4h34vgs27s09j8v2tg', '::1', 1605148464, _binary 0x5F5F63695F6C6173745F726567656E65726174657C693A313630353134383436343B),
	('kk6gkslpk8jpfcks05bqdib1n4ktkrjh', '::1', 1605482034, _binary 0x5F5F63695F6C6173745F726567656E65726174657C693A313630353438323033343B),
	('kks9ahqskpsd4ukfnske1ot3kh48fr2m', '::1', 1605481792, _binary 0x5F5F63695F6C6173745F726567656E65726174657C693A313630353438313739323B),
	('klscvgbl1up3jak9ngpv24jinrh9vobr', '::1', 1605148464, _binary 0x5F5F63695F6C6173745F726567656E65726174657C693A313630353134383436343B),
	('kn25r02c5av95513ave3o1bkbql4p1jm', '::1', 1605144721, _binary 0x5F5F63695F6C6173745F726567656E65726174657C693A313630353134343732313B),
	('kn8ndha4g5s1t6oiiae5sqnled6utg05', '::1', 1605144840, _binary 0x5F5F63695F6C6173745F726567656E65726174657C693A313630353134343834303B),
	('ksracpu6br34rdohnj2nf5rp5h48i8q1', '::1', 1605146254, _binary 0x5F5F63695F6C6173745F726567656E65726174657C693A313630353134363235343B),
	('kuh2gcmdc54k121gqtf2ni9d2e4lq3k0', '::1', 1605482033, _binary 0x5F5F63695F6C6173745F726567656E65726174657C693A313630353438323033333B),
	('kuhsrb4jgl9prk51lfbarknrh6u560u5', '::1', 1605144775, _binary 0x5F5F63695F6C6173745F726567656E65726174657C693A313630353134343737353B),
	('kukfodg28uh808hp0libnemfr1nbsiab', '::1', 1605144840, _binary 0x5F5F63695F6C6173745F726567656E65726174657C693A313630353134343834303B),
	('kvqrf1au6qdo3749fghho7gqk863qgnl', '::1', 1605384194, _binary 0x5F5F63695F6C6173745F726567656E65726174657C693A313630353338343139343B),
	('l0sb5f94os6gp4hi8h6a4rn75a8j7ji0', '::1', 1605481792, _binary 0x5F5F63695F6C6173745F726567656E65726174657C693A313630353438313739323B),
	('l1ucq5lgbb9u0e0k5d2sv0qjrkg6a0jb', '::1', 1605482033, _binary 0x5F5F63695F6C6173745F726567656E65726174657C693A313630353438323033333B),
	('l2miovjma64jk1i3nnm16kctmp65psm0', '::1', 1605144721, _binary 0x5F5F63695F6C6173745F726567656E65726174657C693A313630353134343732313B),
	('l2pcem0am6ihi3ua1c2l1ipatpbk029p', '::1', 1605385469, _binary 0x5F5F63695F6C6173745F726567656E65726174657C693A313630353338353436393B),
	('l5803as5juvraj0l80j7vvm8i6p7d6h6', '::1', 1605481617, _binary 0x5F5F63695F6C6173745F726567656E65726174657C693A313630353438313631373B),
	('l6imvmjmrb8vudeheh3r69pnsino33di', '::1', 1605384197, _binary 0x5F5F63695F6C6173745F726567656E65726174657C693A313630353338343139373B),
	('l6pmljt4plk2e2d8014d9vpicsjrmqa1', '::1', 1605144775, _binary 0x5F5F63695F6C6173745F726567656E65726174657C693A313630353134343737353B),
	('lanhqapqr6fe11vfma6eir1hmgfut099', '::1', 1605144721, _binary 0x5F5F63695F6C6173745F726567656E65726174657C693A313630353134343732313B),
	('laun0olj2t4dqsbntrr0bke3ldbrijb2', '::1', 1605146260, _binary 0x5F5F63695F6C6173745F726567656E65726174657C693A313630353134363236303B),
	('lbk3nk3be6vi5d464sab0l3eo7ctcmcj', '::1', 1605146260, _binary 0x5F5F63695F6C6173745F726567656E65726174657C693A313630353134363236303B),
	('lbp0kj83re6djc70aijiqdnuj05q5617', '::1', 1605146254, _binary 0x5F5F63695F6C6173745F726567656E65726174657C693A313630353134363235343B),
	('lc5otm2fnvqbk4s8eomv6jmi679nb72a', '192.168.21.3', 1605496717, _binary 0x5F5F63695F6C6173745F726567656E65726174657C693A313630353439363731373B),
	('ld7cgb329cundsbed1h06ntbco7a33cf', '::1', 1605629697, _binary 0x5F5F63695F6C6173745F726567656E65726174657C693A313630353632393639373B),
	('le3d68c6gud0paa2tu315hmtk4i4e726', '::1', 1605384197, _binary 0x5F5F63695F6C6173745F726567656E65726174657C693A313630353338343139373B),
	('leb0k30us9gg6mjj4eo7pgb16ae1jbhe', '192.168.21.3', 1605629936, _binary 0x5F5F63695F6C6173745F726567656E65726174657C693A313630353632393837333B),
	('lflsfhfgtdhl46a8r8rbcoahk1v7insh', '::1', 1605482033, _binary 0x5F5F63695F6C6173745F726567656E65726174657C693A313630353438323033333B),
	('lftqvvv2bd6itf61imvak6vmo9pb87s7', '::1', 1605482033, _binary 0x5F5F63695F6C6173745F726567656E65726174657C693A313630353438323033333B),
	('lhban04e4rseaeag2f7d2qaf74cjtidk', '::1', 1605146261, _binary 0x5F5F63695F6C6173745F726567656E65726174657C693A313630353134363236313B),
	('lj1d8jn7kjjddi1ilnmuem1gm8coonsn', '::1', 1605146256, _binary 0x5F5F63695F6C6173745F726567656E65726174657C693A313630353134363235363B),
	('ljljbs61dmu0id30g0or74euupo38fqc', '::1', 1605144776, _binary 0x5F5F63695F6C6173745F726567656E65726174657C693A313630353134343737363B),
	('lkd14068ev14ups03v8l4f3rre3ppg9t', '::1', 1605481617, _binary 0x5F5F63695F6C6173745F726567656E65726174657C693A313630353438313631373B),
	('llb1ab5s5u53bis187uc0l93k3ug3ie0', '::1', 1605481889, _binary 0x5F5F63695F6C6173745F726567656E65726174657C693A313630353438313838393B),
	('llchomgjhs17gq44ou92ro94ddgin0qf', '::1', 1605481889, _binary 0x5F5F63695F6C6173745F726567656E65726174657C693A313630353438313838393B),
	('lm1ordotlffkevqhkrt38tks0f9mrsu8', '::1', 1605481617, _binary 0x5F5F63695F6C6173745F726567656E65726174657C693A313630353438313631373B),
	('lm2flga15onak161m41gaalt974qecag', '::1', 1605144998, _binary 0x5F5F63695F6C6173745F726567656E65726174657C693A313630353134343939383B69647573756172696F7C733A323A223232223B6C6F676561646F7C623A313B),
	('ln7k4crvgbuvcrc49ilitt2id7rm6dni', '::1', 1605148464, _binary 0x5F5F63695F6C6173745F726567656E65726174657C693A313630353134383436343B),
	('lo6f2g6d0rje97rbfo4a7b9259nuklme', '::1', 1605629698, _binary 0x5F5F63695F6C6173745F726567656E65726174657C693A313630353632393639383B),
	('lq9qe2mck654m6td0m3rou4dln3b12sq', '::1', 1605144729, _binary 0x5F5F63695F6C6173745F726567656E65726174657C693A313630353134343732393B),
	('lqgp7hiksigc79gb6oc8dah8rbiqlh48', '::1', 1605144730, _binary 0x5F5F63695F6C6173745F726567656E65726174657C693A313630353134343733303B),
	('lsf614ikj33io0b05m2unos3nmfoeun9', '192.168.21.3', 1605497839, _binary 0x5F5F63695F6C6173745F726567656E65726174657C693A313630353439373833393B),
	('lt954mfd1ov2lugu6c0stka46c3nlkmi', '::1', 1605146259, _binary 0x5F5F63695F6C6173745F726567656E65726174657C693A313630353134363235393B),
	('lunkpvm2913prhf6ltafqquvq6u6e1np', '::1', 1605144839, _binary 0x5F5F63695F6C6173745F726567656E65726174657C693A313630353134343833393B),
	('lv0kfnp69uqb4cfentt9kvkd591jvdun', '::1', 1605481889, _binary 0x5F5F63695F6C6173745F726567656E65726174657C693A313630353438313838393B),
	('m1aqubvbh8tea0l67kg84tk5ns7gka75', '::1', 1605144730, _binary 0x5F5F63695F6C6173745F726567656E65726174657C693A313630353134343733303B),
	('m2bshlk76u2s2kohp17nlfrervl7o4mr', '::1', 1605384197, _binary 0x5F5F63695F6C6173745F726567656E65726174657C693A313630353338343139373B),
	('m3efk7bp294id2j3sri7i79htlthgm7r', '::1', 1605146256, _binary 0x5F5F63695F6C6173745F726567656E65726174657C693A313630353134363235363B),
	('m41a5declqg1h11sf0m5r37tff8qcjpl', '::1', 1605146257, _binary 0x5F5F63695F6C6173745F726567656E65726174657C693A313630353134363235373B),
	('m4psql8kvatm8m9iodi2pa0d8u8igobt', '::1', 1605144775, _binary 0x5F5F63695F6C6173745F726567656E65726174657C693A313630353134343737353B),
	('m6cvv5c2f7302ckdj1cpdb9a31ovj8d3', '::1', 1605481889, _binary 0x5F5F63695F6C6173745F726567656E65726174657C693A313630353438313838393B),
	('m6ja45hi1mgalp6btq2gscgmmjpjnt22', '::1', 1605482081, _binary 0x5F5F63695F6C6173745F726567656E65726174657C693A313630353438323038313B),
	('m89mtnhf4tgukvmm0qkr65bngan7svjt', '::1', 1605144720, _binary 0x5F5F63695F6C6173745F726567656E65726174657C693A313630353134343732303B),
	('m9benfilqrmui0vdeueatf8skotk670g', '::1', 1605144730, _binary 0x5F5F63695F6C6173745F726567656E65726174657C693A313630353134343733303B),
	('mam9u958aq52fnbcuv18ul11vgs1s0t4', '::1', 1605146291, _binary 0x5F5F63695F6C6173745F726567656E65726174657C693A313630353134363239313B),
	('mb3n7kt4cv09o8mmm7i1fa4npfivp6f4', '::1', 1605482081, _binary 0x5F5F63695F6C6173745F726567656E65726174657C693A313630353438323038313B),
	('mb5h2178cpg6pk7jiu83h0u2m9ts3rd5', '::1', 1605144721, _binary 0x5F5F63695F6C6173745F726567656E65726174657C693A313630353134343732313B),
	('mcij4ssjhsl1lgcib814vck1kr6mpvhq', '::1', 1605384197, _binary 0x5F5F63695F6C6173745F726567656E65726174657C693A313630353338343139373B),
	('mdsq8pbq8vp73gtaqigu6opr5g0dcisn', '::1', 1605384194, _binary 0x5F5F63695F6C6173745F726567656E65726174657C693A313630353338343139343B),
	('mf7hjd4kqrmnoo2rpafh6hajc8ae8f1k', '::1', 1605144997, _binary 0x5F5F63695F6C6173745F726567656E65726174657C693A313630353134343939373B),
	('mgee6eoelusu01e4nrjqa1nusu80iuig', '::1', 1605144839, _binary 0x5F5F63695F6C6173745F726567656E65726174657C693A313630353134343833393B),
	('mh5u4uuom6n5ritdoa243kfr3463v0nc', '::1', 1605629698, _binary 0x5F5F63695F6C6173745F726567656E65726174657C693A313630353632393639383B),
	('mhhe2961372e9lafk8cf71nq147odt79', '::1', 1605481793, _binary 0x5F5F63695F6C6173745F726567656E65726174657C693A313630353438313739333B),
	('mhnt7qq7lunkogk986fnfcu5al4nibhg', '192.168.21.3', 1605488412, _binary 0x5F5F63695F6C6173745F726567656E65726174657C693A313630353438383431323B),
	('mismnj1pt5mlpbutv6pb7fbcsj1eq940', '::1', 1605146254, _binary 0x5F5F63695F6C6173745F726567656E65726174657C693A313630353134363235343B),
	('mlf5n6o5ivrkuh3i45evpum47fmj2lgc', '::1', 1605144730, _binary 0x5F5F63695F6C6173745F726567656E65726174657C693A313630353134343733303B69647573756172696F7C733A323A223232223B6C6F676561646F7C623A313B),
	('mliek3p640rhgme71f1j9l10fo68gt79', '192.168.21.3', 1605498875, _binary 0x5F5F63695F6C6173745F726567656E65726174657C693A313630353439383635383B),
	('mlrsq45s02k75fia85stu5vmu71200e6', '::1', 1605482033, _binary 0x5F5F63695F6C6173745F726567656E65726174657C693A313630353438323033333B),
	('mn0smjep0bncl7o1lcv869bljkvi332n', '::1', 1605146261, _binary 0x5F5F63695F6C6173745F726567656E65726174657C693A313630353134363236313B),
	('mnnllkhl0b7ehossr8ikp8vmvuaejqb3', '::1', 1605481793, _binary 0x5F5F63695F6C6173745F726567656E65726174657C693A313630353438313739333B),
	('moflln7hn8l9ccha9300oelkvla3g01r', '::1', 1605146260, _binary 0x5F5F63695F6C6173745F726567656E65726174657C693A313630353134363236303B),
	('mq4n80cdhkhof20d0hvcavqvjg0shj63', '::1', 1605146256, _binary 0x5F5F63695F6C6173745F726567656E65726174657C693A313630353134363235363B),
	('mqctva3aq5gg7r044c92msol2bi2n7kr', '::1', 1605144730, _binary 0x5F5F63695F6C6173745F726567656E65726174657C693A313630353134343733303B),
	('mu5moteqjk8tgjimgu6j3qkshqam0qon', '::1', 1605146256, _binary 0x5F5F63695F6C6173745F726567656E65726174657C693A313630353134363235363B),
	('mujthhd60n0q6es0ctdq9qsas9kblhdd', '::1', 1605146257, _binary 0x5F5F63695F6C6173745F726567656E65726174657C693A313630353134363235373B),
	('mv39akdpkntp8mdkggbotf4v6spnvc2t', '::1', 1605144775, _binary 0x5F5F63695F6C6173745F726567656E65726174657C693A313630353134343737353B),
	('mvh19efcondkq3mpk2eh9ukrp9hplokc', '::1', 1605146256, _binary 0x5F5F63695F6C6173745F726567656E65726174657C693A313630353134363235363B),
	('n56agpqeaag2b5o6947du060l4480lhc', '::1', 1605146255, _binary 0x5F5F63695F6C6173745F726567656E65726174657C693A313630353134363235353B69647573756172696F7C733A323A223232223B6C6F676561646F7C623A313B),
	('n56bv3hhk69if2tasuj2t8oa1kvt6882', '::1', 1605144775, _binary 0x5F5F63695F6C6173745F726567656E65726174657C693A313630353134343737353B),
	('n83gggf3cudfo8f9mbnac127f3luq5eh', '::1', 1605384194, _binary 0x5F5F63695F6C6173745F726567656E65726174657C693A313630353338343139343B),
	('nbvm3apsrr51jmuc6ph8upd7f37gigb0', '::1', 1605482081, _binary 0x5F5F63695F6C6173745F726567656E65726174657C693A313630353438323038313B),
	('nefuee7cbn3045edkdf4l3ne0pl52g2o', '::1', 1605146256, _binary 0x5F5F63695F6C6173745F726567656E65726174657C693A313630353134363235363B),
	('njlobf0shalcifm29dmn73995lij48jr', '::1', 1605146254, _binary 0x5F5F63695F6C6173745F726567656E65726174657C693A313630353134363235343B),
	('nlvrj9hjojmrs72dspm5uj9e1d2tmi8p', '::1', 1605144721, _binary 0x5F5F63695F6C6173745F726567656E65726174657C693A313630353134343732313B),
	('nmdb07n5k1pv5566vafkgo9kbqrr6c3e', '::1', 1605482034, _binary 0x5F5F63695F6C6173745F726567656E65726174657C693A313630353438323033343B),
	('nnp43v3dihlbk5bedf08907o71ueue6l', '::1', 1605384196, _binary 0x5F5F63695F6C6173745F726567656E65726174657C693A313630353338343139363B),
	('no1kf9ukpkvmqq6cqafsldj95f0n8afd', '::1', 1605146259, _binary 0x5F5F63695F6C6173745F726567656E65726174657C693A313630353134363235393B),
	('no4achgdgf08nt4a94ss36kj605ufruh', '::1', 1605385470, _binary 0x5F5F63695F6C6173745F726567656E65726174657C693A313630353338353437303B),
	('noa6fi6bs6jhnt4cs3ce6jpml02oor74', '192.168.21.3', 1605497120, _binary 0x5F5F63695F6C6173745F726567656E65726174657C693A313630353439373132303B),
	('noi3v7o1d5te48ulmb3c932r1u35dubc', '::1', 1605144840, _binary 0x5F5F63695F6C6173745F726567656E65726174657C693A313630353134343834303B),
	('nopa1hlhiro3070q7cv31575dfmlr2s2', '::1', 1605146259, _binary 0x5F5F63695F6C6173745F726567656E65726174657C693A313630353134363235393B),
	('nslid3cf9a9tc3ret3fah1ofdraidq4l', '::1', 1605146259, _binary 0x5F5F63695F6C6173745F726567656E65726174657C693A313630353134363235393B),
	('nuebpob24i3qo92c4d7fb56dnqfb5lul', '::1', 1605385470, _binary 0x5F5F63695F6C6173745F726567656E65726174657C693A313630353338353437303B),
	('nuuat4ba75mka21lcp9cs89pmr5ccfp3', '::1', 1605146259, _binary 0x5F5F63695F6C6173745F726567656E65726174657C693A313630353134363235393B),
	('nv0vu05oe01ba63tom3ru4d13ubt0gal', '::1', 1605148464, _binary 0x5F5F63695F6C6173745F726567656E65726174657C693A313630353134383436343B),
	('nvo2qeoq8svt6naqdkalh077muc737kv', '::1', 1605146260, _binary 0x5F5F63695F6C6173745F726567656E65726174657C693A313630353134363236303B),
	('o23kndg1l0qihesfd7f4108aadj1j8q1', '::1', 1605144998, _binary 0x5F5F63695F6C6173745F726567656E65726174657C693A313630353134343939383B),
	('o324t7n7omm9ck6b432utd98qgrv6f0m', '::1', 1605482034, _binary 0x5F5F63695F6C6173745F726567656E65726174657C693A313630353438323033343B),
	('o36bor4mg2q8mrnqa8j60359fl8fv9ma', '::1', 1605148464, _binary 0x5F5F63695F6C6173745F726567656E65726174657C693A313630353134383436343B),
	('o3c3iqlvvpruusbo0vlp49l2dmh79gb5', '::1', 1605481792, _binary 0x5F5F63695F6C6173745F726567656E65726174657C693A313630353438313739323B),
	('o3eqkh0fpnub4hcbmoh9fhpah31tibch', '192.168.21.70', 1605654895, _binary 0x5F5F63695F6C6173745F726567656E65726174657C693A313630353635343837393B69647573756172696F7C733A323A223733223B6C6F676561646F7C623A313B),
	('o45jrajbqbhcbll4mtbl641384gf6mr8', '::1', 1605146256, _binary 0x5F5F63695F6C6173745F726567656E65726174657C693A313630353134363235363B),
	('o4pe3f7aqvqhrsh9nnfdsdubsdrorq2q', '::1', 1605146256, _binary 0x5F5F63695F6C6173745F726567656E65726174657C693A313630353134363235363B),
	('o6c3rc9ok24o3iid1j129ja57tplqshs', '::1', 1605146261, _binary 0x5F5F63695F6C6173745F726567656E65726174657C693A313630353134363236313B),
	('o880b032a7dm60f95np7s59h9unf81c9', '::1', 1605482081, _binary 0x5F5F63695F6C6173745F726567656E65726174657C693A313630353438323038313B),
	('o8chnfebtgaaqtotj7djuvv14h0odb9f', '::1', 1605146254, _binary 0x5F5F63695F6C6173745F726567656E65726174657C693A313630353134363235343B),
	('oa2p1kii3ff7u3vtgd4hf34qugk2ckc3', '::1', 1605144839, _binary 0x5F5F63695F6C6173745F726567656E65726174657C693A313630353134343833393B),
	('oa6j0lr6cbf33tqtptabkflgr5uq7o8f', '::1', 1605481793, _binary 0x5F5F63695F6C6173745F726567656E65726174657C693A313630353438313739333B),
	('ob84odgjcc3l1o1du2ps4ls7c1lu7ub6', '192.168.21.3', 1605637897, _binary 0x5F5F63695F6C6173745F726567656E65726174657C693A313630353633373736393B),
	('ob8otfempqjg2vrgpo2vjrnl8dmi9om9', '::1', 1605629698, _binary 0x5F5F63695F6C6173745F726567656E65726174657C693A313630353632393639383B),
	('ocavmdqrlp2kp8ntus6ec77krdsba40p', '192.168.21.3', 1605495337, _binary 0x5F5F63695F6C6173745F726567656E65726174657C693A313630353439353333373B),
	('ocejq8h3sar6o8gu27mriv197c73mp5e', '::1', 1605146256, _binary 0x5F5F63695F6C6173745F726567656E65726174657C693A313630353134363235363B),
	('oededob02aftvsrkni9via1ndfsdl76l', '192.168.21.70', 1605652253, _binary 0x5F5F63695F6C6173745F726567656E65726174657C693A313630353635323235333B),
	('oesqf1cacafb37pggsv2klel8gr9e55r', '::1', 1605146261, _binary 0x5F5F63695F6C6173745F726567656E65726174657C693A313630353134363236313B),
	('og98gudarc1iq61v4c1v2ilo4kfb787t', '192.168.21.70', 1605654881, _binary 0x5F5F63695F6C6173745F726567656E65726174657C693A313630353635343837393B69647573756172696F7C733A323A223733223B6C6F676561646F7C623A313B),
	('ogov4ojrshk3b7o2lekl044kbo00ss89', '::1', 1605144729, _binary 0x5F5F63695F6C6173745F726567656E65726174657C693A313630353134343732393B),
	('ogvbv03tbd0tbjfe56p6p971l4ovu108', '::1', 1605384197, _binary 0x5F5F63695F6C6173745F726567656E65726174657C693A313630353338343139373B69647573756172696F7C733A323A223232223B6C6F676561646F7C623A313B),
	('oil11qi49h3tqtgk2428fkh6va790t2k', '::1', 1605144721, _binary 0x5F5F63695F6C6173745F726567656E65726174657C693A313630353134343732313B),
	('oj0kbdb5l3rsboaucvkq9b4f1nfaqv0e', '::1', 1605384196, _binary 0x5F5F63695F6C6173745F726567656E65726174657C693A313630353338343139363B),
	('olee4eggbf8lm563reugaet19rhk2k9j', '::1', 1605144997, _binary 0x5F5F63695F6C6173745F726567656E65726174657C693A313630353134343939373B),
	('olmhp57aves842acpmigudqbe3hpkldi', '::1', 1605146292, _binary 0x5F5F63695F6C6173745F726567656E65726174657C693A313630353134363239323B),
	('omhammoou2snoshbpoe4s2ul0g4qbk84', '192.168.21.3', 1605483311, _binary 0x5F5F63695F6C6173745F726567656E65726174657C693A313630353438333331313B),
	('on0i4vs56vt2vska5crivi96lkah6hat', '192.168.21.3', 1605498958, _binary 0x5F5F63695F6C6173745F726567656E65726174657C693A313630353439383635383B),
	('onujmqvlp3ninom8tv7b10jt8a4gslre', '::1', 1605144998, _binary 0x5F5F63695F6C6173745F726567656E65726174657C693A313630353134343939383B),
	('onvduo6pisgtl6m6hg2pahguntnlihn9', '::1', 1605146260, _binary 0x5F5F63695F6C6173745F726567656E65726174657C693A313630353134363236303B),
	('oorvg00gvoio6sp7r2s81h06ms1o8asu', '::1', 1605148464, _binary 0x5F5F63695F6C6173745F726567656E65726174657C693A313630353134383436343B),
	('opecip3rntva9380gk3gtc5s7ock6equ', '::1', 1605144998, _binary 0x5F5F63695F6C6173745F726567656E65726174657C693A313630353134343939383B),
	('opm030cfo79db7r2hcmimquohffp357g', '::1', 1605482081, _binary 0x5F5F63695F6C6173745F726567656E65726174657C693A313630353438323038313B),
	('or4vu391id90fls200glpdqdrdf1m3tr', '::1', 1605146259, _binary 0x5F5F63695F6C6173745F726567656E65726174657C693A313630353134363235393B),
	('or9ldd550dbbccv9qtqm6ufo1gs22150', '::1', 1605384194, _binary 0x5F5F63695F6C6173745F726567656E65726174657C693A313630353338343139343B),
	('ovcel9na2t5l0bvsfg06cg23drj28vuq', '::1', 1605144839, _binary 0x5F5F63695F6C6173745F726567656E65726174657C693A313630353134343833393B),
	('ovs77vgcbi0lkcvphv3j2f5emeb9vdaq', '::1', 1605146256, _binary 0x5F5F63695F6C6173745F726567656E65726174657C693A313630353134363235363B),
	('p02nmeca9h9890g340hfc42bmocnm50r', '192.168.21.70', 1605217201, _binary 0x5F5F63695F6C6173745F726567656E65726174657C693A313630353231373230313B),
	('p0crf3gbfsh9391kj43n4124bq3q282c', '::1', 1605385470, _binary 0x5F5F63695F6C6173745F726567656E65726174657C693A313630353338353437303B),
	('p2oahifvm691coavjh2q6j69ru993n5v', '::1', 1605144839, _binary 0x5F5F63695F6C6173745F726567656E65726174657C693A313630353134343833393B),
	('p3c075pcotj5hgkg7cdlgj9toltv1s4f', '::1', 1605629698, _binary 0x5F5F63695F6C6173745F726567656E65726174657C693A313630353632393639383B),
	('p4d3nivtdmsn8fdo5pbo0a6605io9odi', '::1', 1605384194, _binary 0x5F5F63695F6C6173745F726567656E65726174657C693A313630353338343139343B),
	('p5upmmkam8nermhnp9cqeu3p3vebjpen', '::1', 1605146256, _binary 0x5F5F63695F6C6173745F726567656E65726174657C693A313630353134363235363B),
	('p6ee0dqkmb0fkvs5umdi0cofc6v1195j', '::1', 1605144775, _binary 0x5F5F63695F6C6173745F726567656E65726174657C693A313630353134343737353B),
	('p74u7e7k9g628kerv1r9r7mu2o73nkg4', '::1', 1605148464, _binary 0x5F5F63695F6C6173745F726567656E65726174657C693A313630353134383436343B),
	('p7e3acp3oe7g1gn0cfrksnp6dljdl5er', '::1', 1605384194, _binary 0x5F5F63695F6C6173745F726567656E65726174657C693A313630353338343139343B),
	('p83003lakboi5kiq85pr5e3go93sla9c', '::1', 1605146259, _binary 0x5F5F63695F6C6173745F726567656E65726174657C693A313630353134363235393B),
	('pa3calk0462k2jacgakjjshudl84nsdu', '::1', 1605146255, _binary 0x5F5F63695F6C6173745F726567656E65726174657C693A313630353134363235353B),
	('pb6k5p99g9p55rquajtujjl9n0q4tmik', '::1', 1605144839, _binary 0x5F5F63695F6C6173745F726567656E65726174657C693A313630353134343833393B),
	('pgd24bs4equ5r4ap6m7acsnqeivp8bbg', '::1', 1605146259, _binary 0x5F5F63695F6C6173745F726567656E65726174657C693A313630353134363235393B),
	('pgrejbbuasjtpo3i3a8lfacbjkk07q2c', '::1', 1605144776, _binary 0x5F5F63695F6C6173745F726567656E65726174657C693A313630353134343737363B),
	('ph44vo7gpv4lj8f357jl24mlioa07bjg', '::1', 1605144998, _binary 0x5F5F63695F6C6173745F726567656E65726174657C693A313630353134343939383B),
	('pmjm8hv0ne81k1gqp7legn72diier6ni', '::1', 1605144839, _binary 0x5F5F63695F6C6173745F726567656E65726174657C693A313630353134343833393B),
	('po1vk9vqiqo4fkbin8eri14ngin97cph', '::1', 1605146256, _binary 0x5F5F63695F6C6173745F726567656E65726174657C693A313630353134363235363B),
	('ppekad559j3mssndk5et29smhn98sd75', '::1', 1605144997, _binary 0x5F5F63695F6C6173745F726567656E65726174657C693A313630353134343939373B),
	('pq6vb350ogdu3td4u7fl2cvakbcq3d2h', '192.168.21.70', 1605384936, _binary 0x5F5F63695F6C6173745F726567656E65726174657C693A313630353338343933363B),
	('ps7mnf8mvvu1b04gd05m1aebcjje63es', '192.168.21.70', 1605652830, _binary 0x5F5F63695F6C6173745F726567656E65726174657C693A313630353635323833303B69647573756172696F7C733A323A223233223B6C6F676561646F7C623A313B),
	('ps8an1g05toavr5jpnggr2r8v1tvda8d', '::1', 1605384194, _binary 0x5F5F63695F6C6173745F726567656E65726174657C693A313630353338343139343B69647573756172696F7C733A323A223232223B6C6F676561646F7C623A313B),
	('ptb4ipjku152l2uv01ns47ajdt6q4qc7', '::1', 1605384197, _binary 0x5F5F63695F6C6173745F726567656E65726174657C693A313630353338343139373B),
	('q041urdu5s4kelt621idfr9j5b5mcn88', '::1', 1605481889, _binary 0x5F5F63695F6C6173745F726567656E65726174657C693A313630353438313838393B),
	('q1cp88rsjfjumdu3ot8l4gdg6mem67vi', '::1', 1605482033, _binary 0x5F5F63695F6C6173745F726567656E65726174657C693A313630353438323033333B),
	('q3e9b8v9su2k2mi2cqlmnfdh2mqu2dsl', '::1', 1605146257, _binary 0x5F5F63695F6C6173745F726567656E65726174657C693A313630353134363235373B),
	('q434h0ibp3ldavhnpiefirqepch44bou', '::1', 1605384196, _binary 0x5F5F63695F6C6173745F726567656E65726174657C693A313630353338343139363B),
	('q4fn09ovovajpqpcndcacn6n7h6uc10b', '::1', 1605384194, _binary 0x5F5F63695F6C6173745F726567656E65726174657C693A313630353338343139343B),
	('q587q6fmb7ve8r8gq4hd68v1q9nfi3ou', '::1', 1605146256, _binary 0x5F5F63695F6C6173745F726567656E65726174657C693A313630353134363235363B),
	('q6fn8n8vtcmqbh1sogp2n7s9mg3v801l', '::1', 1605384194, _binary 0x5F5F63695F6C6173745F726567656E65726174657C693A313630353338343139343B),
	('q6ho8t3cf37ip8er8ku8m1vss7pn6ssv', '::1', 1605144776, _binary 0x5F5F63695F6C6173745F726567656E65726174657C693A313630353134343737363B),
	('q79t6mhse4hntp64m2sm5le735v56vlf', '::1', 1605146257, _binary 0x5F5F63695F6C6173745F726567656E65726174657C693A313630353134363235373B),
	('q7pqdqqdklsqf5bl34g9ko1ei6lvgp52', '::1', 1605629698, _binary 0x5F5F63695F6C6173745F726567656E65726174657C693A313630353632393639383B),
	('q8uoiqahapcjgfgsv7g13dtdudrsds4q', '192.168.21.3', 1605650608, _binary 0x5F5F63695F6C6173745F726567656E65726174657C693A313630353635303630383B),
	('qa79a73q5fo5cidk4b8ik1lktb2igfe8', '::1', 1605385469, _binary 0x5F5F63695F6C6173745F726567656E65726174657C693A313630353338353436393B),
	('qbd65i2cod5g6s8gqc0be57d0gdhc481', '::1', 1605146257, _binary 0x5F5F63695F6C6173745F726567656E65726174657C693A313630353134363235373B),
	('qbfb94rgl2iq8b7gjgduninopkq5hivp', '::1', 1605146292, _binary 0x5F5F63695F6C6173745F726567656E65726174657C693A313630353134363239323B),
	('qcb647927clnu9euk4tnvkdt1p6cb036', '::1', 1605481618, _binary 0x5F5F63695F6C6173745F726567656E65726174657C693A313630353438313631383B),
	('qdqmk57hfq5hi932mpf9t9okv75efdcn', '::1', 1605482033, _binary 0x5F5F63695F6C6173745F726567656E65726174657C693A313630353438323033333B),
	('qe86as7s7540bv94gokhqj734ce44sg2', '::1', 1605146259, _binary 0x5F5F63695F6C6173745F726567656E65726174657C693A313630353134363235393B),
	('qe8qvlkpb4boua6r539ot58aambkqb4h', '::1', 1605144775, _binary 0x5F5F63695F6C6173745F726567656E65726174657C693A313630353134343737353B),
	('qfmo9rg29lg41bjqql8f9vt65n1l9cn2', '::1', 1605144721, _binary 0x5F5F63695F6C6173745F726567656E65726174657C693A313630353134343732313B),
	('qh91b7eknkp361fba2qhhtoj35cqqlka', '::1', 1605384196, _binary 0x5F5F63695F6C6173745F726567656E65726174657C693A313630353338343139363B),
	('qibkgochgd54n7u72l0ecqfks2vlf8b1', '::1', 1605482080, _binary 0x5F5F63695F6C6173745F726567656E65726174657C693A313630353438323038303B),
	('qjkccp3l912gibaou77c9rfhsfa1hgjq', '::1', 1605385469, _binary 0x5F5F63695F6C6173745F726567656E65726174657C693A313630353338353436393B),
	('qk05sap4o9rm9o4m9n91e6cp85i9ivdq', '::1', 1605481618, _binary 0x5F5F63695F6C6173745F726567656E65726174657C693A313630353438313631383B69647573756172696F7C733A323A223232223B6C6F676561646F7C623A313B),
	('qoghuo8c2k2dcjtd3f8t2s4bajust7ei', '::1', 1605481793, _binary 0x5F5F63695F6C6173745F726567656E65726174657C693A313630353438313739333B),
	('qoh7l64sh8qghbh7po78o65otpebcrqn', '::1', 1605146256, _binary 0x5F5F63695F6C6173745F726567656E65726174657C693A313630353134363235363B),
	('qq2ach86nudvn9cqlea9aq71jfiavogd', '::1', 1605146259, _binary 0x5F5F63695F6C6173745F726567656E65726174657C693A313630353134363235393B),
	('qr3a1sbks6bfsnq2lhb9kpavdfhvtgug', '::1', 1605629697, _binary 0x5F5F63695F6C6173745F726567656E65726174657C693A313630353632393639373B),
	('qr8og1o7f5fi7n63c9ijjii6ml2ku6nv', '::1', 1605481892, _binary 0x5F5F63695F6C6173745F726567656E65726174657C693A313630353438313839323B69647573756172696F7C733A323A223232223B6C6F676561646F7C623A313B),
	('qtjjuajm2be17781k1v7i7q80v0c07oi', '::1', 1605481793, _binary 0x5F5F63695F6C6173745F726567656E65726174657C693A313630353438313739333B),
	('quqmebeu8kql0tafe7bv1s4p9228gs8i', '::1', 1605144775, _binary 0x5F5F63695F6C6173745F726567656E65726174657C693A313630353134343737353B),
	('qvaimpph1571men9bruc6qo0b1unb565', '::1', 1605482080, _binary 0x5F5F63695F6C6173745F726567656E65726174657C693A313630353438323038303B),
	('r1d2npq7fl5s7lsmelv0tsn366id1qoo', '::1', 1605148464, _binary 0x5F5F63695F6C6173745F726567656E65726174657C693A313630353134383436343B),
	('r2gcd24c6vh6uet3e9jbbvl918oa44ak', '::1', 1605146260, _binary 0x5F5F63695F6C6173745F726567656E65726174657C693A313630353134363236303B),
	('r2m39nbu7qiab3i9bgss212v9frlftmu', '::1', 1605144775, _binary 0x5F5F63695F6C6173745F726567656E65726174657C693A313630353134343737353B),
	('r3pf0fj5o2n7ok9gl5p3gk7b78sc0egf', '::1', 1605146261, _binary 0x5F5F63695F6C6173745F726567656E65726174657C693A313630353134363236313B),
	('r4ifutk4fvck2f5e6ts146302eukq2nd', '192.168.21.3', 1605641100, _binary 0x5F5F63695F6C6173745F726567656E65726174657C693A313630353634313033393B),
	('r5b4nm2avshrh2gbv9jkv4bed26dklm9', '192.168.21.3', 1605384208, _binary 0x5F5F63695F6C6173745F726567656E65726174657C693A313630353338343139363B),
	('r631th1tdorvrbf92n4bd27mdrjtpsup', '::1', 1605146259, _binary 0x5F5F63695F6C6173745F726567656E65726174657C693A313630353134363235393B),
	('r648sugkkug87vpnugosh54fsfcf0lnk', '192.168.21.3', 1605482033, _binary 0x5F5F63695F6C6173745F726567656E65726174657C693A313630353438323033333B),
	('r6eaf6k2sd50ui6h9sd376qfmmmu8iid', '::1', 1605144721, _binary 0x5F5F63695F6C6173745F726567656E65726174657C693A313630353134343732313B),
	('r72cujreah3nss7c1sd8d5ok1re8pf9j', '::1', 1605146254, _binary 0x5F5F63695F6C6173745F726567656E65726174657C693A313630353134363235343B),
	('r84q1uuoffke1k0ai95rar9pb206r9d3', '::1', 1605144729, _binary 0x5F5F63695F6C6173745F726567656E65726174657C693A313630353134343732393B),
	('r8grt1lf8vaefv1ea5vubq3ket43m6m7', '::1', 1605481618, _binary 0x5F5F63695F6C6173745F726567656E65726174657C693A313630353438313631383B),
	('ra8jpq2c30g07fn3m2ersv7vhf8ubk4a', '::1', 1605146260, _binary 0x5F5F63695F6C6173745F726567656E65726174657C693A313630353134363236303B),
	('rcpcn4f3e2693b09qd88g34csvn47lkh', '::1', 1605146256, _binary 0x5F5F63695F6C6173745F726567656E65726174657C693A313630353134363235363B),
	('rd9salkum9rcu03qe8fgfsd2ani5sq4l', '::1', 1605144840, _binary 0x5F5F63695F6C6173745F726567656E65726174657C693A313630353134343834303B),
	('rdrr936ved5s4mq683o96idaagv2u3f6', '::1', 1605146256, _binary 0x5F5F63695F6C6173745F726567656E65726174657C693A313630353134363235363B),
	('remoct6kgavmcjir9tt103tmdmp1mils', '::1', 1605148464, _binary 0x5F5F63695F6C6173745F726567656E65726174657C693A313630353134383436343B),
	('rfbr83eq3o1cc812qbidhuikpoolilp6', '::1', 1605481889, _binary 0x5F5F63695F6C6173745F726567656E65726174657C693A313630353438313838393B),
	('rg9pbe8sgr3m9mdf9t84v8k5tup09rrg', '::1', 1605481792, _binary 0x5F5F63695F6C6173745F726567656E65726174657C693A313630353438313739323B),
	('rgivnrmrnh4pik0r9is43conln7kuhmn', '::1', 1605482033, _binary 0x5F5F63695F6C6173745F726567656E65726174657C693A313630353438323033333B),
	('ril6mqff5obf1cbsgvq3a1j63kqchjs7', '192.168.21.70', 1605389435, _binary 0x5F5F63695F6C6173745F726567656E65726174657C693A313630353338393433353B),
	('rink49rtrfdgas92b8jge2jqed6mhih2', '::1', 1605146256, _binary 0x5F5F63695F6C6173745F726567656E65726174657C693A313630353134363235363B),
	('rkv960f1g2l1pgk878ijbppqrtpllo47', '::1', 1605146261, _binary 0x5F5F63695F6C6173745F726567656E65726174657C693A313630353134363236313B),
	('rmibdr0v0bjrfdfp4jegjsafa91ibmhb', '::1', 1605148464, _binary 0x5F5F63695F6C6173745F726567656E65726174657C693A313630353134383436343B),
	('rmp7854bj54nvk0sid03cj2h8793jbkf', '192.168.21.3', 1605638149, _binary 0x5F5F63695F6C6173745F726567656E65726174657C693A313630353633383134393B),
	('rnoju3f778nqim4in246k4l9p3d59n9i', '::1', 1605146259, _binary 0x5F5F63695F6C6173745F726567656E65726174657C693A313630353134363235393B69647573756172696F7C733A323A223232223B6C6F676561646F7C623A313B),
	('roo6dl4mf9pm5ia3jnqab95052kf92ol', '::1', 1605384197, _binary 0x5F5F63695F6C6173745F726567656E65726174657C693A313630353338343139373B),
	('rr6l5cgmej5aoqo2v7ba7fpn029sgc4v', '::1', 1605384197, _binary 0x5F5F63695F6C6173745F726567656E65726174657C693A313630353338343139373B),
	('rt0nbanibrnjebjul3dtqgpmbe7282vf', '::1', 1605482033, _binary 0x5F5F63695F6C6173745F726567656E65726174657C693A313630353438323033333B),
	('s1rentekheh0btoo0cs53amh9b1gp2v1', '::1', 1605481888, _binary 0x5F5F63695F6C6173745F726567656E65726174657C693A313630353438313838383B),
	('s59k0i4vtd92265193a88tkupsf05nhp', '::1', 1605385470, _binary 0x5F5F63695F6C6173745F726567656E65726174657C693A313630353338353437303B),
	('s5op2si31u465c8pclsqlocj2795ms4a', '::1', 1605146256, _binary 0x5F5F63695F6C6173745F726567656E65726174657C693A313630353134363235363B),
	('s5ssncp8sspqac6gtavchej8f3teh3mi', '::1', 1605144839, _binary 0x5F5F63695F6C6173745F726567656E65726174657C693A313630353134343833393B),
	('s6pve6jpg7l32a38nq2hh137hu8026f9', '::1', 1605629698, _binary 0x5F5F63695F6C6173745F726567656E65726174657C693A313630353632393639383B),
	('s73e0is419pkrl0a5joadv9vraus5luo', '::1', 1605144730, _binary 0x5F5F63695F6C6173745F726567656E65726174657C693A313630353134343733303B),
	('s9l8pj77b6o2ckfmla4mf6k074660qql', '::1', 1605482081, _binary 0x5F5F63695F6C6173745F726567656E65726174657C693A313630353438323038313B),
	('sa938e6m9k8o7htjnfbe634hhldb9vao', '::1', 1605384194, _binary 0x5F5F63695F6C6173745F726567656E65726174657C693A313630353338343139343B),
	('sbc3b40a66s20n1e5cjpfv0sl9sg7d5d', '192.168.21.70', 1605217201, _binary 0x5F5F63695F6C6173745F726567656E65726174657C693A313630353231373230313B),
	('scp98dsdsptj0b34d6tcvtpktdrq8ftn', '::1', 1605146292, _binary 0x5F5F63695F6C6173745F726567656E65726174657C693A313630353134363239323B),
	('scv2h98slul02l8sredc9i3u9vtg0vr7', '::1', 1605144839, _binary 0x5F5F63695F6C6173745F726567656E65726174657C693A313630353134343833393B),
	('sdlfrhkc8k8ftnhjfq02ih33sf9oid85', '::1', 1605144729, _binary 0x5F5F63695F6C6173745F726567656E65726174657C693A313630353134343732393B),
	('sepo0ieah9bvbuq5aei20rtdpgqqn38r', '::1', 1605144839, _binary 0x5F5F63695F6C6173745F726567656E65726174657C693A313630353134343833393B),
	('sguada095ov2d985smsbnvcnlln3fv01', '::1', 1605148464, _binary 0x5F5F63695F6C6173745F726567656E65726174657C693A313630353134383436343B69647573756172696F7C733A323A223232223B6C6F676561646F7C623A313B),
	('sgvm28hsconf3l25tqdn32abnv2fg5bl', '::1', 1605146254, _binary 0x5F5F63695F6C6173745F726567656E65726174657C693A313630353134363235343B),
	('sh5ep4rm7lksc598mrj3p7au8ip5rqvp', '::1', 1605144776, _binary 0x5F5F63695F6C6173745F726567656E65726174657C693A313630353134343737363B),
	('shi23jdlti0844ks7st95fa7peo82rc4', '192.168.21.3', 1605230438, _binary 0x5F5F63695F6C6173745F726567656E65726174657C693A313630353233303433373B),
	('skkcsocp24u77brvacp6sah2vj1fr4pb', '::1', 1605146255, _binary 0x5F5F63695F6C6173745F726567656E65726174657C693A313630353134363235353B),
	('sm718b5ncad7nspg71trkmnts3j00cv7', '::1', 1605384194, _binary 0x5F5F63695F6C6173745F726567656E65726174657C693A313630353338343139343B),
	('snh782s0crninagp0sauf5grbc1rqtuv', '::1', 1605384194, _binary 0x5F5F63695F6C6173745F726567656E65726174657C693A313630353338343139343B),
	('sqg4fuprk2g2ni6q0l2s1j2g3s2e10rk', '192.168.21.3', 1605489161, _binary 0x5F5F63695F6C6173745F726567656E65726174657C693A313630353438393136313B),
	('sto6b0m2119qs10vq04hmm0p0e7t6o40', '::1', 1605384197, _binary 0x5F5F63695F6C6173745F726567656E65726174657C693A313630353338343139373B),
	('suucfib2b7q9akq16gu5rlc4vt5l8580', '::1', 1605144998, _binary 0x5F5F63695F6C6173745F726567656E65726174657C693A313630353134343939383B),
	('suvt54augim378i9j1oj2p9vas1qb61g', '192.168.21.3', 1605336610, _binary 0x5F5F63695F6C6173745F726567656E65726174657C693A313630353333363630333B),
	('svc765fv7hm19lcns58fbc9t2vpg4bqi', '::1', 1605481617, _binary 0x5F5F63695F6C6173745F726567656E65726174657C693A313630353438313631373B),
	('svom6npeo6lmrf2r9vg0a3asb3rgcnc2', '::1', 1605146291, _binary 0x5F5F63695F6C6173745F726567656E65726174657C693A313630353134363239313B),
	('t3h02909htutuqu9s1ba2nqkav3vqk13', '::1', 1605146256, _binary 0x5F5F63695F6C6173745F726567656E65726174657C693A313630353134363235363B),
	('t3h64r04abpulh3005g81lp8gi9ci700', '::1', 1605144721, _binary 0x5F5F63695F6C6173745F726567656E65726174657C693A313630353134343732313B),
	('t4eep315utehaek7j0up8v2dpvkajldd', '::1', 1605481617, _binary 0x5F5F63695F6C6173745F726567656E65726174657C693A313630353438313631373B),
	('t4ks8e7bkoq0a849db7medfnnhtgopep', '::1', 1605148464, _binary 0x5F5F63695F6C6173745F726567656E65726174657C693A313630353134383436343B),
	('t5c7ua0c7o67j38dv0u244tpdrs6pn48', '::1', 1605146256, _binary 0x5F5F63695F6C6173745F726567656E65726174657C693A313630353134363235363B),
	('t76ik23pa4hidbiisvc7uo75vpkj7g2a', '::1', 1605481888, _binary 0x5F5F63695F6C6173745F726567656E65726174657C693A313630353438313838383B),
	('t93ecsr2fpqete16npds9ibc1127ft1p', '::1', 1605148464, _binary 0x5F5F63695F6C6173745F726567656E65726174657C693A313630353134383436343B),
	('t96m3vou3eb33dt7rsvtu9faoqgi3lai', '::1', 1605385469, _binary 0x5F5F63695F6C6173745F726567656E65726174657C693A313630353338353436393B),
	('tahkjt32h36qu120nai24hplfgeol1uo', '::1', 1605629698, _binary 0x5F5F63695F6C6173745F726567656E65726174657C693A313630353632393639383B),
	('tavll4rmvhlr2l8lg018qim423krp9jr', '::1', 1605482037, _binary 0x5F5F63695F6C6173745F726567656E65726174657C693A313630353438323033373B69647573756172696F7C733A323A223232223B6C6F676561646F7C623A313B),
	('tb131fctjbhpt96b7dkr4ldml8jhc151', '::1', 1605146259, _binary 0x5F5F63695F6C6173745F726567656E65726174657C693A313630353134363235393B),
	('tbn6lduscrcpm8fua9bljaaklnb2jp5t', '::1', 1605481792, _binary 0x5F5F63695F6C6173745F726567656E65726174657C693A313630353438313739323B),
	('tbubkes4p2gq8juu3kip7gghdd9li1nu', '::1', 1605481618, _binary 0x5F5F63695F6C6173745F726567656E65726174657C693A313630353438313631383B),
	('tegtt34kpvi8r3vbtc6gava86fmcm7jq', '::1', 1605144721, _binary 0x5F5F63695F6C6173745F726567656E65726174657C693A313630353134343732313B),
	('tg2hkhamiu6dgboj1uobfic10mltlfvn', '::1', 1605144730, _binary 0x5F5F63695F6C6173745F726567656E65726174657C693A313630353134343733303B),
	('tholakd0df89av11bdj6gs5auc6jvb08', '::1', 1605146254, _binary 0x5F5F63695F6C6173745F726567656E65726174657C693A313630353134363235343B),
	('tj16p15n9ndfpcf3q6hqb82hvtk0i84l', '::1', 1605146259, _binary 0x5F5F63695F6C6173745F726567656E65726174657C693A313630353134363235393B),
	('tkmdhk4oa3e8bdiglb5q18nsl8q4165f', '192.168.21.70', 1605389435, _binary 0x5F5F63695F6C6173745F726567656E65726174657C693A313630353338393433353B),
	('tmmmjjhalcjdsss7tbekqu5pg0oi60u4', '192.168.21.70', 1605217201, _binary 0x5F5F63695F6C6173745F726567656E65726174657C693A313630353231373230313B),
	('tn60ivg4c3h4er436n4l03b74d3jqkq8', '::1', 1605146254, _binary 0x5F5F63695F6C6173745F726567656E65726174657C693A313630353134363235343B),
	('tp3vvihl08r88o8hi5h90ope2n986nlf', '::1', 1605148464, _binary 0x5F5F63695F6C6173745F726567656E65726174657C693A313630353134383436343B),
	('tpni2s1fedhs45abd26sbn2a7e4agvmc', '192.168.21.3', 1605653362, _binary 0x5F5F63695F6C6173745F726567656E65726174657C693A313630353635333336323B69647573756172696F7C733A323A223133223B6D61696C7C733A31333A226D61696C406D61696C2E636F6D223B7469706F7C733A313A2235223B6C6F676561646F7C623A313B),
	('tsk21n1q5q6msfe8en3lmqvftgn3sq7p', '::1', 1605384197, _binary 0x5F5F63695F6C6173745F726567656E65726174657C693A313630353338343139373B),
	('ttcablo623a59mh76nfnr33mfuurignt', '192.168.21.3', 1605385481, _binary 0x5F5F63695F6C6173745F726567656E65726174657C693A313630353338353436393B),
	('tugr7usdg8t5ejpuveurr14u47cokmng', '::1', 1605482081, _binary 0x5F5F63695F6C6173745F726567656E65726174657C693A313630353438323038303B),
	('tvj7ss7q47r2msknqcmb7iri4olhkjc0', '::1', 1605144998, _binary 0x5F5F63695F6C6173745F726567656E65726174657C693A313630353134343939383B),
	('u1smbf4o50eibbqe8tppbl90vvhtjdlt', '::1', 1605629698, _binary 0x5F5F63695F6C6173745F726567656E65726174657C693A313630353632393639383B),
	('u28il997cvb5us9jcec3b79j5hp7v5an', '::1', 1605146257, _binary 0x5F5F63695F6C6173745F726567656E65726174657C693A313630353134363235373B),
	('u2qcfujrtame74f7k3ssdap2jhheknbo', '::1', 1605384194, _binary 0x5F5F63695F6C6173745F726567656E65726174657C693A313630353338343139343B),
	('u45c7kibiq3qfl4luk7up4tg8q15snv1', '::1', 1605144775, _binary 0x5F5F63695F6C6173745F726567656E65726174657C693A313630353134343737353B),
	('u6vg43aip3naeim2cm23j436bjsqi7t1', '::1', 1605146254, _binary 0x5F5F63695F6C6173745F726567656E65726174657C693A313630353134363235343B),
	('u7shes9b8fi0likvpahru4jqmvmo1ra8', '::1', 1605384197, _binary 0x5F5F63695F6C6173745F726567656E65726174657C693A313630353338343139373B),
	('u8o3fbign501rs5e00lgfugtc8ekrj5c', '192.168.21.70', 1605146268, _binary 0x5F5F63695F6C6173745F726567656E65726174657C693A313630353134363235363B),
	('ub01sqpornfjq8jnh7h60vte5c7eo746', '::1', 1605482033, _binary 0x5F5F63695F6C6173745F726567656E65726174657C693A313630353438323033333B),
	('ucmtq8c3sjbndqind6oloa1d1plt3jnr', '::1', 1605144997, _binary 0x5F5F63695F6C6173745F726567656E65726174657C693A313630353134343939373B),
	('uekm2d6jtq9cg6c9tclronntk3i4c9di', '::1', 1605144730, _binary 0x5F5F63695F6C6173745F726567656E65726174657C693A313630353134343733303B),
	('uer2bjcqif8oos7bo13ciacm9hqt1i63', '::1', 1605629698, _binary 0x5F5F63695F6C6173745F726567656E65726174657C693A313630353632393639383B),
	('ug5v6gjtr6mtjv5r2r7b2s88h4sgovfm', '::1', 1605481889, _binary 0x5F5F63695F6C6173745F726567656E65726174657C693A313630353438313838393B),
	('uh09uddk4f4a1a912s40hulsj9rppmf4', '::1', 1605482085, _binary 0x5F5F63695F6C6173745F726567656E65726174657C693A313630353438323038353B),
	('uh2p6fnjodr3rkqmb6iv81927eu18lq3', '::1', 1605481888, _binary 0x5F5F63695F6C6173745F726567656E65726174657C693A313630353438313838383B),
	('uh64425o4bi88s9a7u4m4hb3eugpfs44', '192.168.21.70', 1605653252, _binary 0x5F5F63695F6C6173745F726567656E65726174657C693A313630353635333235323B),
	('uikpmctfiaemr5qf4otj3cc6isiijmpd', '::1', 1605146256, _binary 0x5F5F63695F6C6173745F726567656E65726174657C693A313630353134363235363B),
	('uildtojt9nmb4tgn32u16jpjeioheakb', '192.168.21.70', 1605652154, _binary 0x5F5F63695F6C6173745F726567656E65726174657C693A313630353635323135343B),
	('uipttkj9uhprumr5herqet80n000am8h', '192.168.21.70', 1605652154, _binary 0x5F5F63695F6C6173745F726567656E65726174657C693A313630353635323135343B),
	('ujsuaq813os6qpvuskaqdns843vchvq3', '::1', 1605482081, _binary 0x5F5F63695F6C6173745F726567656E65726174657C693A313630353438323038313B),
	('ukgi34rsd2bq8odc7k34tqtec728k670', '::1', 1605481888, _binary 0x5F5F63695F6C6173745F726567656E65726174657C693A313630353438313838383B),
	('ukqjuj20sqruojiq0g12mv9o4sd7quh9', '::1', 1605146292, _binary 0x5F5F63695F6C6173745F726567656E65726174657C693A313630353134363239323B),
	('um4sc51l8pilf3edsasf1j6v9814sa4m', '::1', 1605481888, _binary 0x5F5F63695F6C6173745F726567656E65726174657C693A313630353438313838383B),
	('un0gf96a1p5v6caiicnj1hnem1h5meh1', '::1', 1605482037, _binary 0x5F5F63695F6C6173745F726567656E65726174657C693A313630353438323033343B),
	('uoc57q9ivgihekv9utr15p4stoii6rvs', '::1', 1605482081, _binary 0x5F5F63695F6C6173745F726567656E65726174657C693A313630353438323038313B),
	('upbc173h49cvdg6rvd8ed0mrb8hia9oq', '::1', 1605144776, _binary 0x5F5F63695F6C6173745F726567656E65726174657C693A313630353134343737363B),
	('utsp5plb6bhv25ag4uhet4o9vkaiqn1p', '::1', 1605481889, _binary 0x5F5F63695F6C6173745F726567656E65726174657C693A313630353438313838393B),
	('v2eaghehhnucf7ntno2mfdkbdgslah0u', '::1', 1605482081, _binary 0x5F5F63695F6C6173745F726567656E65726174657C693A313630353438323038313B),
	('v2rir6ncn6q5qmnjmlieb5j421m6u95o', '::1', 1605146254, _binary 0x5F5F63695F6C6173745F726567656E65726174657C693A313630353134363235343B),
	('v4ft41eb5le707fvcmngv20v6deukstm', '::1', 1605481888, _binary 0x5F5F63695F6C6173745F726567656E65726174657C693A313630353438313838383B),
	('v5mekf8k1srl2h8uuiaqlal2hjlcv710', '::1', 1605629698, _binary 0x5F5F63695F6C6173745F726567656E65726174657C693A313630353632393639383B),
	('v65rqh0s9n0ck174a4td4iavt09rogj3', '192.168.21.3', 1605221505, _binary 0x5F5F63695F6C6173745F726567656E65726174657C693A313630353232313530353B),
	('v6ii9c84tmusje8o5cq6leqnn00983lb', '::1', 1605144775, _binary 0x5F5F63695F6C6173745F726567656E65726174657C693A313630353134343737353B),
	('v6s2lrcvdn4mdhek8er7nq8sgjauo4c0', '::1', 1605144775, _binary 0x5F5F63695F6C6173745F726567656E65726174657C693A313630353134343737353B),
	('vb8in830m7fi8e6pd455bukdj7pjto0j', '::1', 1605385470, _binary 0x5F5F63695F6C6173745F726567656E65726174657C693A313630353338353437303B),
	('vbnnt13ggfkrral6o4eiqfugnj1m7jc8', '::1', 1605146256, _binary 0x5F5F63695F6C6173745F726567656E65726174657C693A313630353134363235363B),
	('vdunjr03redqcm5trar97ipufvijss1p', '::1', 1605144729, _binary 0x5F5F63695F6C6173745F726567656E65726174657C693A313630353134343732393B),
	('ve9svb981s7pk2nj625ahorsh6os526p', '::1', 1605146256, _binary 0x5F5F63695F6C6173745F726567656E65726174657C693A313630353134363235363B),
	('veu34pvqlnnriebsonh37uegetv63rim', '::1', 1605384194, _binary 0x5F5F63695F6C6173745F726567656E65726174657C693A313630353338343139343B),
	('vh0m7dmpb6nf7g9emij4pfnbt9kp68bt', '::1', 1605482033, _binary 0x5F5F63695F6C6173745F726567656E65726174657C693A313630353438323033333B),
	('vhn9e9bfg599mcrrdpd2g1ojmr4mqbv2', '::1', 1605146259, _binary 0x5F5F63695F6C6173745F726567656E65726174657C693A313630353134363235393B),
	('vi70l9mt49gufau80pr5juvttfc3b0s0', '::1', 1605144997, _binary 0x5F5F63695F6C6173745F726567656E65726174657C693A313630353134343939373B),
	('vkmmabn7qmkiv6ackpjaoable1t1ticu', '::1', 1605481889, _binary 0x5F5F63695F6C6173745F726567656E65726174657C693A313630353438313838393B),
	('vmhl2d0jlvfsthmvcfcukqu7sq234l54', '::1', 1605148464, _binary 0x5F5F63695F6C6173745F726567656E65726174657C693A313630353134383436343B),
	('voamso0fm5vbcgq9jjbvvk9m0k9frpbt', '::1', 1605384194, _binary 0x5F5F63695F6C6173745F726567656E65726174657C693A313630353338343139343B),
	('vqmbreglgh172motpsqnbq00gm8a458q', '::1', 1605384197, _binary 0x5F5F63695F6C6173745F726567656E65726174657C693A313630353338343139373B),
	('vrfqebl44gmlv7obokvekahaa7huup22', '::1', 1605146254, _binary 0x5F5F63695F6C6173745F726567656E65726174657C693A313630353134363235343B),
	('vrtd4bql4op1sr96m78dacj5ughl71p5', '::1', 1605481793, _binary 0x5F5F63695F6C6173745F726567656E65726174657C693A313630353438313739333B),
	('vt2u669926hplnq7hudh624dsdu0fg9r', '::1', 1605146260, _binary 0x5F5F63695F6C6173745F726567656E65726174657C693A313630353134363236303B),
	('vtblqab3rhlrkllj4k8j0ln90ldksvm4', '::1', 1605629718, _binary 0x5F5F63695F6C6173745F726567656E65726174657C693A313630353632393731383B),
	('vtglr00qi68koq6k2dh85onsilntobm8', '192.168.21.70', 1605221266, _binary 0x5F5F63695F6C6173745F726567656E65726174657C693A313630353232313236333B),
	('vtv4rk5tfl1go5jtt5jk6fdlc1d16l5b', '::1', 1605144840, _binary 0x5F5F63695F6C6173745F726567656E65726174657C693A313630353134343834303B69647573756172696F7C733A323A223232223B6C6F676561646F7C623A313B),
	('vvqporgc989gic0i4rkreps02gubjtnv', '::1', 1605481792, _binary 0x5F5F63695F6C6173745F726567656E65726174657C693A313630353438313739323B),
	('vvsaq0141440df8vsvnamnogofov637q', '::1', 1605146256, _binary 0x5F5F63695F6C6173745F726567656E65726174657C693A313630353134363235363B);
/*!40000 ALTER TABLE `ci_sessions` ENABLE KEYS */;

-- Volcando datos para la tabla tecnisur.CLIENTE: ~27 rows (aproximadamente)
/*!40000 ALTER TABLE `CLIENTE` DISABLE KEYS */;
REPLACE INTO `CLIENTE` (`idusuario`, `mail`, `hash`, `baja`, `nombre`, `apellido`, `telefono`, `ciudad`, `calle`, `barrio`, `ci`, `saldo`) VALUES
	(22, 'santiangorus@gmail.com', '28376a1433f844e72c90da01bfcc8f1621d94468ae0182d2d92a4c2e9a531961', 0, 'Santiago', 'Guardia', '099586986', 'Ciudad', 'asd', 'asd', '48979879', 99742),
	(23, 'mail@mail.com', '9a484d79dae0fc373a866916aea29852750803601125c254d39a69976e9ec701', 0, '498', 'asd', '099111222', 'ciudad2', 'calle4', 'newbarrio', '46897333', 933445),
	(41, 'sadfasdfa@sdfasdfads.asdf', '3b0e2c7e30f2af39e759eb5e8703f478340104f93959b2152e85a344a24bba49', 0, 'asdfasf', 'asdfadsf', '094432532', 'dfasf', 'asdfdasfas', 'asdfasfd', '23342433', 0),
	(42, 'mail1@mail.com', '60b521ae16d0b5c600a6eeeecfeee530746becf0b47bcb23e1a60c5a01240e05', 0, 'nombre', 'apellido', '098506893', 'ciudad', 'calle', 'barrio', '4673847', 0),
	(46, 'asd@asd.ccom', 'addbafda4c80409e47a316442824a40b9d0f601ef5109eac256080c93300c571', 0, '', '', '', '', '', '', '', 0),
	(49, 'mail6@mail.com', 'e7ac0786668e0ff0f02b62bd04f45ff636fd82db63b1104601c975dc005f3a67', 1, 'nombre', 'apellido', '098506893', 'ciudad', 'calle', 'barrio', '45563452', 0),
	(50, 'mail8@mail.com', 'ce67042bb7a0b50eeb0d12dd08bbff827b0982e249d6a2edfebbac36d7c1f8eb', 1, 'nombre', 'apellido', '098506893', 'ciudad', 'calle', 'barrio', '45563456', 0),
	(51, 'mail99@mail.com', 'a2b56ac19e32c8b65892dbcba150453eb77fa48b4ca3417a8c5af02b14cdff1c', 1, 'nombre', 'apellido', '098506893', 'ciudad', 'calle', 'barrio', '45263456', 0),
	(52, 'mail91@mail.com', 'b76c1e40d3c04e46be745dc04a7052cb0b1e8d60e8e5de4ca3666892db6c2922', 1, 'nombre', 'apellido', '098506893', 'ciudad', 'calle', 'barrio', '45293456', 0),
	(53, 'mail95@mail.com', '767dca931e7348461a5acb8ce9aa6c75d44b1c2041418b85d1f489f6abc6e150', 1, 'nombre', 'apellido', '098506893', 'ciudad', 'calle', 'barrio', '35672341', 0),
	(54, 'mail76@mail.ocm', 'd3b225f78786039fb3ffc6ee7b3e82a9cb7f872ea8bd31187d999e660b73886d', 1, 'name', 'lastname', '098394623', 'city', 'street', 'town', '62347891', 0),
	(55, 'mymail@mymail.com', '834dc1bb7cfc9ece07dde17bce19f3d59756ad05cd99e0962987fb301a9f2035', 1, 'nombre', 'apellido', '096348253', 'asd', 'asd', 'asd', '3678452', 0),
	(57, 'tecnisur2018ta3@gmail.com', 'aff1e4b33dc4ca4826fef892946b31c41f45cf6e4393f96681e8dfaff067ee17', 0, 'nombre', 'apellido', '094356347', 'ciudad', 'calle', 'barrio', '57893045', 3322),
	(58, 'orellano.rs@gmail.com', '62a6a0c80af6c1ff75ad09bbf23eee392e27c5ae99ba9d43d4cee1deed2acb44', 0, 'asd', 'asd', '093274576', 'ciudad', 'calle', 'barrio', '45763946', 145872),
	(59, 'asd@asd.com', 'dfd9c317ec82855bd6f91082544f7f56e1cec2e0d70e661eed1a65ceb602ba5e', 1, ' asd', 'apellido', '094375893', 'ciudad', 'calle', 'barrio', '45768342', 0),
	(60, 'asd1@asd1.com', '9bdb23f6db33ebc9581d3097a41295c0bdf181ff22b8e24dae861d14471ad09a', 1, 'n', 'n', '095374938', 'ciudad', 'calle', 'barrio', '45768394', 0),
	(61, 'mail3@mail3.com', 'a65ae9d95354515b14ae52c989db88a76169e91f183197ae5dd232bea071178c', 1, 'asd', 'asd', '095485344', 'ciudad', 'calle', 'barrio', '43567230', 0),
	(62, 'mail@maail.com', '1bd8c692ffb5cafa5dfd751b80325a6139dcef69d100c7f6880b97d9e4f499d9', 1, 'asd', 'asd', '094374232', 'ciudad', 'asd', 'barrio', '48675930', 0),
	(63, 'registro@registro.com', '143e38f9faa0ff714588e712576d152924253f6f559c7e561cb8aa22c31974e5', 1, 'sd', 'asdasdasd', '094573642', 'ciudad', 'calle', 'barrio', '45867493', 176),
	(64, 'correo@mail.com', '06cc9af1af2c4e49f75c4501b97865d0ea777623233bad4fdbacfe48dade1283', 0, 'Nuevo nombre', 'apellido ', '099456213', 'ciudad', 'calle', 'barrio', '4875623', 70543423),
	(65, 'mail1@mail1.com', '1d3c91bd0652f0220800b939f95f114dfd904d25e65174aff0b7abab3ec8259e', 0, 'nuevonombre', 'apellido', '099456321', 'city', 'calle', 'barrio', '48924568', 0),
	(66, 'nuevocorreo@nuevocorreo.com', '1619da7f1b3035abfff6ed21171eba3ed3868286f4dbb82ea9c4aff6abd977d9', 0, 'nombre', 'apellido', '095154785', 'ciudad', 'calle', 'barrio', '35265874', 898108),
	(67, 'tecnisur@tecnisur.ms', '43624024bb7fce8f4f371a0f4a58d9efd8e6bd54a177703b9c5e87801610b888', 0, 'tecnisur', 'apellido', '096874563', 'ciudad', 'calle', 'barrio', '78542639', 10000),
	(68, 'correo10@correo10.com', 'aa00d67e91b0941fcf47cd3ee45b0d7b3f05eac6c0c5535ad936156c70651d3d', 0, 'Sebastian', 'Orellano', '099546321', 'ciudad', 'nueva calle', 'barrio', '78562145', 30),
	(71, 'correodetestins@correodetesting.com', 'HASH', 0, 'nuevonombre', 'apellido', '78948548', 'ciudad', 'calle', 'barrio', '12332112', 0),
	(72, 'nuevacuenta@nuevacuenta.com', '79bc1f5967725e294def2da680964a86df44d516297ef18ac87caac7d05027dc', 0, 'otro nombre', 'apellido', '097348539', 'ciudadnueva', 'calle', 'barrio', '45327689', 46885),
	(73, 'adearmas@tecnisur.local', 'fbe80d042993ea13402150887f572ec5bdb9d259f64433922c4c38437fa41e1a', 0, 'Andres', 'De armas', '099111222', 'Ciudad', 'Calle', 'Barrio', '54325672', 2200);
/*!40000 ALTER TABLE `CLIENTE` ENABLE KEYS */;

-- Volcando datos para la tabla tecnisur.COMIDA: ~142 rows (aproximadamente)
/*!40000 ALTER TABLE `COMIDA` DISABLE KEYS */;
REPLACE INTO `COMIDA` (`idcomida`, `nombre`, `descripcion`, `baja`, `imagen`) VALUES
	(1, 'Alas de Pollo', 'Alas de Pollo', 0, NULL),
	(2, 'Aros de cebolla', 'Aros de cebolla', 0, 'aros-de-cebolla.jpg'),
	(3, 'Costilla BBQ', 'Costilla BBQ', 0, 'costilla-de-cerdo-en-salsa-barbacoa-casera-815x458.jpg'),
	(5, 'Big King Burguer King', 'Big King Burguer King', 0, NULL),
	(6, 'Big Mac de McDonald\'s', 'Big Mac de McDonald\'s', 0, NULL),
	(7, 'BMT Italiano', 'BMT Italiano', 0, NULL),
	(8, 'Sandwich Pollo Teriyaki', 'Sandwich Pollo Teriyaki', 0, NULL),
	(9, 'Sandwich de albondigas', 'Sandwich de albondigas', 0, NULL),
	(10, 'Whopper Burguer King', 'Whopper Burguer King', 0, NULL),
	(11, 'Whopper doble Burguer King', 'Whopper doble Burguer King', 0, NULL),
	(12, 'Burrito Taco Bell', 'Burrito Taco Bell', 0, NULL),
	(13, 'CheeseBurguer', 'CheeseBurguer', 0, NULL),
	(14, 'Chicken Burguer', 'Chicken Burguer', 0, NULL),
	(15, 'CheeseBurguer Burguer King', 'CheeseBurguer Burguer King', 0, NULL),
	(17, 'CheeseBurguer Mc Donalds', 'CheeseBurguer Mc Donalds', 0, NULL),
	(18, 'Chop Suey', 'Chop Suey', 0, NULL),
	(19, 'Choripan', 'Choripan', 0, NULL),
	(20, 'Empanada de Carne', 'Empanada de Carne', 0, NULL),
	(21, 'Empanada de Verdura', 'Empanada de Verdura', 0, NULL),
	(22, 'Empanada de Jamon y queso', 'Empanada de Jamon y queso', 0, NULL),
	(24, 'Empanada de pollo', 'Empanada de pollo', 0, NULL),
	(25, 'Empanada de pescado', 'Empanada de pescado', 0, NULL),
	(26, 'Filete de pescado', 'Filete de pescado', 0, NULL),
	(27, 'Pollo Grill', 'Pollo Grill', 0, NULL),
	(28, 'Hamburguesa', 'Hamburguesa', 0, NULL),
	(29, 'Hamburguesa Vegetal', 'Hamburguesa Vegetal', 0, NULL),
	(30, 'Kebab', 'Kebab', 0, NULL),
	(31, 'Lasaña', 'Lasaña', 0, NULL),
	(32, 'Lomito', 'Lomito', 0, NULL),
	(33, 'Nachos con queso', 'Nachos con queso', 0, NULL),
	(34, 'Nuggets', 'Nuggets', 0, NULL),
	(35, 'Mc nuggets', 'Mc nuggets', 0, NULL),
	(36, 'Papas Fritas', 'Papas Fritas', 0, NULL),
	(37, 'Papas Fritas Rizadas', 'Papas Fritas Rizadas', 0, NULL),
	(38, 'Pavo', 'Pavo', 0, NULL),
	(40, 'Pechuga de pollo', 'Pechuga de pollo', 0, NULL),
	(41, 'Pancho', 'Pancho', 0, NULL),
	(42, 'Rollito primavera', 'Rollito primavera', 0, NULL),
	(43, 'Salmon ahumado', 'Salmon ahumado', 0, NULL),
	(44, 'Tarta de jamon y queso', 'Tarta de jamon y queso', 0, NULL),
	(45, 'Tarta de carne', 'Tarta de carne', 0, NULL),
	(46, 'Tarta de verduras', 'Tarta de verduras', 0, NULL),
	(47, 'Tortilla', 'Tortilla', 0, NULL),
	(48, 'Calzone', 'Calzone', 0, NULL),
	(49, 'Pizza', 'Pizza', 0, NULL),
	(50, 'Pizza con sabores', 'Pizza con sabores', 0, NULL),
	(51, 'Croquetas', 'Croquetas', 0, NULL),
	(52, 'Papa asada', 'Papa asada', 0, NULL),
	(53, 'Pure de papas', 'Pure de papas', 0, NULL),
	(54, 'Agua de coco', 'Agua de coco', 0, NULL),
	(55, 'Limonada', 'Limonada', 0, NULL),
	(56, 'Te de manzanilla', 'Té', 0, NULL),
	(57, 'Jugo de fruta', 'Variso sabores', 0, NULL),
	(58, 'Cabernet Sauvignon', 'Vino', 0, NULL),
	(59, 'Champán', 'Champán', 0, NULL),
	(60, 'Merlot', 'Vino', 0, NULL),
	(61, 'Moscatel', 'Vino', 0, NULL),
	(62, 'Prosecco', 'Prosecco', 0, NULL),
	(63, 'Sangría', 'Sangría', 0, NULL),
	(64, 'Vino', 'Vino', 0, NULL),
	(65, 'Vino Blanco', 'Vino', 0, NULL),
	(66, 'Vino de mesa', 'Vino', 0, NULL),
	(67, 'Vino espumoso', 'vino', 0, NULL),
	(68, 'Vino rosado', 'Vino', 0, NULL),
	(69, 'Vino tinto', 'Vino', 0, NULL),
	(70, 'Vino tinto dulce', 'Vino', 0, NULL),
	(71, 'Tonica', 'Tonica', 0, NULL),
	(72, '7up', '7up', 0, NULL),
	(73, 'Coca cola', 'Coca cola', 0, NULL),
	(74, 'Coca cola light', 'Coca light', 0, NULL),
	(75, 'Coca cola zero', 'coca zero', 0, NULL),
	(76, 'Fanta', 'Fanta', 0, NULL),
	(77, 'Pepsi', 'Pepsi', 0, NULL),
	(78, 'Power ade', 'power ade', 0, NULL),
	(79, 'Sprite', 'Sprite', 0, NULL),
	(80, 'Cerveza', 'Cerveza', 0, NULL),
	(81, 'Corona', 'Corona', 0, NULL),
	(82, 'Ginness', 'Guinness', 0, NULL),
	(83, 'Heineken', 'Heineken', 0, NULL),
	(84, 'Lager', 'Cerveza', 0, NULL),
	(85, 'Pilsen', 'Pilsen', 0, NULL),
	(86, 'Agua', 'Agua', 0, NULL),
	(87, 'Café', 'Café', 0, NULL),
	(88, 'Cerveza sin alcohol', 'Cerveza', 0, NULL),
	(89, 'Frappé', 'Frappé', 0, NULL),
	(90, 'Latte Macchiato', 'Café', 0, NULL),
	(91, 'Leche', 'Leche', 0, NULL),
	(92, 'Nesquik', 'Nesquik', 0, NULL),
	(93, 'Aguardiente', 'Aguardiente', 0, NULL),
	(94, 'Bourbon', 'Bourbon', 0, NULL),
	(95, 'Brandy', 'Brandy', 0, NULL),
	(96, 'Coñac', 'coñac', 0, NULL),
	(97, 'Ginebra', 'Ginebra', 0, NULL),
	(98, 'Jack Daniels', 'Jack Daniels', 0, NULL),
	(99, 'Jim Beam', 'Jim Beam', 0, NULL),
	(100, 'Licor', 'Licor', 0, NULL),
	(101, 'Martini', 'Martini', 0, NULL),
	(102, 'Ron', 'Ron', 0, NULL),
	(103, 'Sidra', 'Sidra', 0, NULL),
	(104, 'Tequila', 'Tequila', 0, NULL),
	(105, 'Vodka', 'Vodka', 0, NULL),
	(106, 'Whisky', 'Whisky', 0, NULL),
	(107, 'Arroz con leche', 'Arroz con leche', 0, NULL),
	(108, 'Budín', 'Budín', 0, NULL),
	(109, 'Cupcake', 'Cupcake', 0, NULL),
	(110, 'Donut', 'Donut', 0, NULL),
	(111, 'Flan', 'Flan', 0, NULL),
	(112, 'Waffle', 'Waffle', 0, NULL),
	(113, 'Pastel', 'Pastel', 0, NULL),
	(114, 'Lemon pie', 'Lemon pie', 0, NULL),
	(115, 'Churros', 'Churros', 0, NULL),
	(116, 'Tramisú', 'Tiramisú', 0, NULL),
	(117, 'Helado de cono', 'Helado', 0, NULL),
	(118, 'Helado por kilo', 'Helado', 0, NULL),
	(119, 'Magnum', 'Helado', 0, NULL),
	(120, 'McFlurrry', 'McFlurry', 0, NULL),
	(121, 'Palito de agua', 'Helado', 0, NULL),
	(122, 'After Eight', 'Chocolate', 0, NULL),
	(123, 'Alfajor', 'Alfajor', 0, NULL),
	(124, 'Algodon de azucar', 'Algodon de azucar', 0, NULL),
	(125, 'Barrita de cereales', 'Barrita de cereales', 0, NULL),
	(126, 'Baston de caramelo', 'Baston de caramelo', 0, NULL),
	(127, 'Chocolate', 'Chocolate', 0, NULL),
	(128, 'Chupa chups', 'Chupa chups', 0, NULL),
	(129, 'Cookies', 'Cookies', 0, NULL),
	(130, 'Ferrero rocher', 'Chocolate', 0, NULL),
	(131, 'Grageas', 'Grageas', 0, NULL),
	(132, 'Kit kat', 'Chocolate', 0, NULL),
	(133, 'M y Ms', 'Chocolate', 0, NULL),
	(134, 'Mantecol', 'Mantecol', 0, NULL),
	(135, 'Obleas', 'Obleas', 0, NULL),
	(136, 'Rocklets', 'Rocklets', 0, NULL),
	(137, 'Polvoron', 'Polvoron', 0, NULL),
	(138, 'Snickers', 'Snickers', 0, NULL),
	(139, 'Turron', 'Turron', 0, NULL),
	(140, 'Toblerone', 'Toblerone', 0, NULL),
	(141, 'Aguja asada', 'Aguja asada', 0, NULL),
	(142, 'Chorizo', 'Chorizo', 0, NULL),
	(143, 'Cerdo asado', 'Cerdo', 0, NULL),
	(144, 'Carne asada', 'carne asada', 0, NULL),
	(145, 'comidadetesting', 'sadasdasda', 1, NULL),
	(146, 'OtroNombre', 'descripcion', 1, NULL);
/*!40000 ALTER TABLE `COMIDA` ENABLE KEYS */;

-- Volcando datos para la tabla tecnisur.COMPRA: ~109 rows (aproximadamente)
/*!40000 ALTER TABLE `COMPRA` DISABLE KEYS */;
REPLACE INTO `COMPRA` (`idcompra`, `idusuario`, `importe`, `fecha`, `idmetodopago`, `idevento`) VALUES
	(1, 68, 10, '2020-03-02 08:28:38', 1, 72),
	(2, 23, 600, '2020-10-25 02:06:10', 1, 62),
	(3, 23, 600, '2020-10-25 02:06:29', 1, 62),
	(4, 23, 600, '2020-10-25 02:07:51', 1, 63),
	(5, 23, 300, '2020-10-25 02:14:22', 1, 63),
	(6, 23, 300, '2020-10-25 02:14:41', 1, 63),
	(7, 23, 300, '2020-10-25 02:16:01', 1, 63),
	(8, 23, 1350, '2020-10-31 20:56:46', 1, 95),
	(9, 22, 150, '2020-10-31 23:53:38', 1, 81),
	(10, 22, 150, '2020-10-31 23:53:38', 1, 81),
	(11, 22, 378, '2020-10-31 23:53:39', 1, 72),
	(12, 22, 118, '2020-10-31 23:53:39', 1, 72),
	(13, 22, 140, '2020-10-31 23:53:40', 1, 72),
	(14, 72, 3115, '2020-11-02 21:05:12', 1, 61),
	(15, 22, 150, '2020-11-11 22:32:01', 1, 81),
	(16, 22, 150, '2020-11-11 22:32:06', 1, 81),
	(17, 22, 378, '2020-11-11 22:32:06', 1, 72),
	(18, 22, 150, '2020-11-11 22:32:10', 1, 81),
	(19, 22, 118, '2020-11-11 22:32:11', 1, 72),
	(20, 22, 150, '2020-11-11 22:32:13', 1, 81),
	(21, 22, 378, '2020-11-11 22:32:14', 1, 72),
	(22, 22, 140, '2020-11-11 22:32:15', 1, 72),
	(23, 22, 118, '2020-11-11 22:32:19', 1, 72),
	(24, 22, 140, '2020-11-11 22:32:23', 1, 72),
	(25, 22, 150, '2020-11-11 22:32:56', 1, 81),
	(26, 22, 150, '2020-11-11 22:32:59', 1, 81),
	(27, 22, 118, '2020-11-11 22:32:59', 1, 72),
	(28, 22, 140, '2020-11-11 22:33:03', 1, 72),
	(29, 22, 150, '2020-11-11 22:34:00', 1, 81),
	(30, 22, 150, '2020-11-11 22:34:03', 1, 81),
	(31, 22, 118, '2020-11-11 22:34:03', 1, 72),
	(32, 22, 140, '2020-11-11 22:34:07', 1, 72),
	(33, 22, 150, '2020-11-11 22:36:38', 1, 81),
	(34, 22, 150, '2020-11-11 22:36:42', 1, 81),
	(35, 22, 118, '2020-11-11 22:36:42', 1, 72),
	(36, 22, 140, '2020-11-11 22:36:45', 1, 72),
	(37, 22, 150, '2020-11-11 22:57:35', 1, 81),
	(38, 22, 150, '2020-11-11 22:57:37', 1, 81),
	(39, 22, 150, '2020-11-11 22:57:37', 1, 81),
	(40, 22, 150, '2020-11-11 22:57:38', 1, 81),
	(41, 22, 118, '2020-11-11 22:57:38', 1, 72),
	(42, 22, 150, '2020-11-11 22:57:39', 1, 81),
	(43, 22, 150, '2020-11-11 22:57:40', 1, 81),
	(44, 22, 118, '2020-11-11 22:57:40', 1, 72),
	(45, 22, 140, '2020-11-11 22:57:42', 1, 72),
	(46, 22, 150, '2020-11-11 22:57:43', 1, 81),
	(47, 22, 118, '2020-11-11 22:57:43', 1, 72),
	(48, 22, 140, '2020-11-11 22:57:44', 1, 72),
	(49, 22, 140, '2020-11-11 22:57:47', 1, 72),
	(50, 22, 150, '2020-11-11 22:57:48', 1, 81),
	(51, 22, 150, '2020-11-11 22:57:52', 1, 81),
	(52, 22, 118, '2020-11-11 22:57:52', 1, 72),
	(53, 22, 140, '2020-11-11 22:57:56', 1, 72),
	(54, 22, 150, '2020-11-11 22:58:12', 1, 81),
	(55, 22, 150, '2020-11-11 22:58:15', 1, 81),
	(56, 22, 118, '2020-11-11 22:58:16', 1, 72),
	(57, 22, 140, '2020-11-11 22:58:19', 1, 72),
	(58, 22, 150, '2020-11-11 23:34:24', 1, 81),
	(59, 22, 150, '2020-11-11 23:34:29', 1, 81),
	(60, 22, 118, '2020-11-11 23:34:29', 1, 72),
	(61, 22, 140, '2020-11-11 23:34:33', 1, 72),
	(62, 22, 150, '2020-11-14 03:52:42', 1, 81),
	(63, 22, 150, '2020-11-14 03:52:45', 1, 81),
	(64, 22, 150, '2020-11-14 03:52:47', 1, 81),
	(65, 22, 118, '2020-11-14 03:52:47', 1, 72),
	(66, 22, 150, '2020-11-14 03:52:49', 1, 81),
	(67, 22, 118, '2020-11-14 03:52:49', 1, 72),
	(68, 22, 140, '2020-11-14 03:52:52', 1, 72),
	(69, 22, 140, '2020-11-14 03:52:53', 1, 72),
	(70, 22, 150, '2020-11-14 04:15:44', 1, 81),
	(71, 22, 150, '2020-11-14 04:15:49', 1, 81),
	(72, 22, 118, '2020-11-14 04:15:49', 1, 72),
	(73, 22, 140, '2020-11-14 04:15:53', 1, 72),
	(74, 23, 6000, '2020-11-14 04:48:10', 1, 78),
	(75, 22, 150, '2020-11-15 20:07:01', 1, 81),
	(76, 22, 150, '2020-11-15 20:07:06', 1, 81),
	(77, 22, 118, '2020-11-15 20:07:06', 1, 72),
	(78, 22, 140, '2020-11-15 20:07:11', 1, 72),
	(79, 22, 150, '2020-11-15 20:09:53', 1, 81),
	(80, 22, 150, '2020-11-15 20:09:57', 1, 81),
	(81, 22, 118, '2020-11-15 20:09:57', 1, 72),
	(82, 22, 140, '2020-11-15 20:10:01', 1, 72),
	(83, 22, 150, '2020-11-15 20:11:31', 1, 81),
	(84, 22, 150, '2020-11-15 20:11:35', 1, 81),
	(85, 22, 118, '2020-11-15 20:11:35', 1, 72),
	(86, 22, 140, '2020-11-15 20:11:39', 1, 72),
	(87, 22, 150, '2020-11-15 20:13:57', 1, 81),
	(88, 22, 150, '2020-11-15 20:14:00', 1, 81),
	(89, 22, 378, '2020-11-15 20:14:01', 1, 72),
	(90, 22, 118, '2020-11-15 20:14:06', 1, 72),
	(91, 22, 140, '2020-11-15 20:14:09', 1, 72),
	(92, 22, 150, '2020-11-15 20:14:44', 1, 81),
	(93, 22, 150, '2020-11-15 20:14:47', 1, 81),
	(94, 22, 378, '2020-11-15 20:14:47', 1, 72),
	(95, 22, 118, '2020-11-15 20:14:52', 1, 72),
	(96, 22, 140, '2020-11-15 20:14:56', 1, 72),
	(97, 22, 150, '2020-11-17 13:15:19', 1, 81),
	(98, 22, 150, '2020-11-17 13:15:39', 1, 81),
	(99, 22, 118, '2020-11-17 13:15:39', 1, 72),
	(100, 22, 140, '2020-11-17 13:16:00', 1, 72),
	(101, 73, 300, '2020-11-17 19:49:49', 1, 63),
	(102, 73, 300, '2020-11-17 19:50:24', 1, 63),
	(103, 73, 300, '2020-11-17 19:50:43', 1, 79),
	(104, 73, 300, '2020-11-17 19:50:56', 1, 79),
	(105, 73, 300, '2020-11-17 19:54:00', 1, 79),
	(106, 73, 300, '2020-11-17 19:55:39', 1, 79),
	(107, 73, 300, '2020-11-17 19:55:47', 1, 79),
	(108, 73, 400, '2020-11-17 20:14:45', 1, 80),
	(109, 73, 300, '2020-11-17 20:14:53', 1, 79);
/*!40000 ALTER TABLE `COMPRA` ENABLE KEYS */;

-- Volcando datos para la tabla tecnisur.COMPRACOMIDA: ~392 rows (aproximadamente)
/*!40000 ALTER TABLE `COMPRACOMIDA` DISABLE KEYS */;
REPLACE INTO `COMPRACOMIDA` (`identificador`, `idcomida`, `idevento`, `idcompra`, `autogenerado`, `verificado`) VALUES
	(1, 7, 72, 11, 'b2vlHMPEsPUiVr293SltNskdS97NBzFMBb8iXXXqMRIHiKRmDd', 0),
	(2, 7, 72, 11, 'QqFaDyjKmUk1HVcPeaMbBz3kgm58JIlz80JMz3xVYRWFM9v1ki', 0),
	(3, 1, 72, 11, 'cVRff8Bkgk2BUbCDXbGu6Fl3k8dP9x8msZBI7d2ny5YsgA5eMM', 0),
	(4, 1, 72, 11, 'JSr5WMd9CnGKJ9KlRRyUe7ZdzgOFuAsetUjpGxzjUg4EpOZgFy', 0),
	(5, 2, 72, 11, 'bUFa8erWUWxma0gtqX00gUglzF9yWP67KMiS1JPVFmhPnxjNuj', 0),
	(6, 12, 72, 11, 'OLe47NKhmG6tORf6JgQybvVsli0E6vYUhcYo0IFnpMQdD6knma', 0),
	(7, 1, 72, 11, 'WyGR1191FgxEaOR9dRRTfhF5vjbPGy0C6Gt7HD9nTH14vSdJK5', 0),
	(8, 1, 72, 11, 'Te4XU29fkMV5fTwmIWfLFYiDfpjntL8n0clVfuazg6Ew0aTI78', 0),
	(9, 1, 72, 11, 'uM7MqmcJJFvS2w5nrkRCU8JzFJKyrRHWDOI4aVNUBiNEOS1gdT', 0),
	(10, 1, 72, 11, 'S82BHIkrgMiYJWNr0XnOSY7GCWyEcMy5UBGBj13AOlzximZjkn', 0),
	(11, 6, 72, 11, '7cmeSYarDndcs8N9K7bNI09hysDyLXVTah82giuUGI68QUiA2t', 0),
	(12, 6, 72, 11, 'oKtx11ZEAKCvEMNMP34jXL24TSZbt1FRL8oNaosK84gMQ3zG7D', 0),
	(13, 13, 72, 11, '04p29iU8uoa9gWiEJt3cecguZ7yyNFbOKAQTTL2o9cxp8P4Sj7', 0),
	(14, 13, 72, 11, '4xkl2jsARgf340EVUxGWVQ9tfijkaCse9MAb52MWj2Zo2DjWb0', 0),
	(15, 7, 72, 12, 'S7Q2A6kTquvTJFGjRLmEIGGI5ImpExpxEfzelT8MoEF8jlrb7O', 0),
	(16, 7, 72, 12, 'PQvvyAeUZSspq6EZl0TuNi8tqsOSEWHtNcZlMdgM6IbwPQvbQp', 0),
	(17, 1, 72, 12, 'FEHO77gW0VSHoFTn1GBhsH0EdQuJ1l8HZQw6YN2YIVF6BzuCf6', 0),
	(18, 1, 72, 12, 'UINUm0LQKMcTubJ0iHNkGvflCQV7tbdnT0if136MQjFkuolN58', 0),
	(19, 2, 72, 12, '7LEn7he3oHeB58CooErvqhO5CjtX6z6dlLBt3PwrxL3DTG1hks', 0),
	(20, 12, 72, 12, 'MLKAQnTklZUsdgePJhFgJc1NPUtRcOjYz4zqstLNtGfHWuwFLb', 0),
	(21, 1, 72, 13, 'WuoXheSL54Ao39tCAV5mJz2ZgYtMEeYAJmy1AqNFvn4yxyb8th', 0),
	(22, 1, 72, 13, 'ucQxb6vFTaTRLDdkEOKsugPyOm7ZuAhZN7wZe1E7cyYYcciQ13', 0),
	(23, 1, 72, 13, 'ivj847ub7ZMpYzwuzKweSJNRHZ40Q539AmhEuMQCLC1KbyeLjK', 0),
	(24, 6, 72, 13, '0buN2bM7bCcfLNC3s6PiJAUKk6izRCkRNOFQ0rXc4arQX3TpaI', 0),
	(25, 6, 72, 13, 'HTjCEEIXdAzysmm7dmzayDk0ti3mHe5p7o1L2KJgkiOMFbTSxs', 0),
	(26, 13, 72, 13, '366o6AGaXoo2OwqQitA1KUjzGZKARi3VoakvK1GHq5JeBa4UEE', 0),
	(27, 13, 72, 13, 'VozfYgeIQ60U2p4mVOnBvNHf2jp6d3L9skoqAC9rJ9lLzp7uev', 0),
	(28, 2, 61, 14, 'axImkzeJCjqy3ecYiyYjYpG1Jc8iAwCL4k7oUm7wFy4IMgH5PF', 1),
	(29, 2, 61, 14, 'oN44PNgY6RvICz2KYW65sLDxuqObvERUsVZiJfgP6MxJmAtkwz', 0),
	(30, 2, 61, 14, 'cMI0HIbbbGddAeBzNN2I0vE6U2YccoDobmpS4A4fgitRw4rkSt', 0),
	(31, 7, 72, 17, 'i3ncbkYB8WwFggDH303TCLohXpzy47Hnb4znpxYxtucJLQrORu', 0),
	(32, 7, 72, 17, 'Itg7KdwkMBstYDyy1X5ZvzuIjgyK4pfMTvUEIqZu2rX15vz6tF', 0),
	(33, 1, 72, 17, '6YfBHyRfjVFyIz3CdL3cf6Ed7KJHRcnXaCzSaq7umN24m5HAQK', 0),
	(34, 1, 72, 17, 'N6RrjZc2G3f41qGAiR0qlmdnrAt9ajTXqLpKKBNqE2vGsbgK3h', 0),
	(35, 2, 72, 17, 'bpEoN6Ygf8A960UvLE6y5LAAr3MIOQZZfEo2KmjZvT8CU27FGe', 0),
	(36, 12, 72, 17, 'eMZPmrS99HZ9GfN5hxsBwXuFApHH4oVjbV8xm0HwIGFoVstd0V', 0),
	(37, 1, 72, 17, 'OxTjcuIUbNj76u3e2qfJWXpCml4Qy5MnCGGPaoJmc3ujxxxzYN', 0),
	(38, 1, 72, 17, 'CfqlyqkWdMR1ix4YjBjWSLEeYNQqa9mMpN8XetUrfMsyjxxD9Q', 0),
	(39, 1, 72, 17, 'A1CegB262cgoZFb7DpAyRPkkoESVh1LS3o6jZ9q1lGqkmBsZ12', 0),
	(40, 1, 72, 17, 'xTSSegw6bO8XGbmNulWVniBNDXp5Xq8uk1myiTFuINspYOdt99', 0),
	(41, 6, 72, 17, 'oxs0k6YJbVakqumM3EGI9pvBOtp1Wzbl6ElqKjaWfkgFPDsSh8', 0),
	(42, 6, 72, 17, 'Aqx52mzrnv0zQ7dcyXvITK3aqSNSL51lwzryV00jw1Sm86yG44', 0),
	(43, 13, 72, 17, 'pYPs8flW7728szHU8DU8Wq9PNhVmYZqoXgQ6vc3Dj6MMFuHO7C', 0),
	(44, 13, 72, 17, 'W335TQnOdmOEKMUBTpOX383PUJjBxqduugAn7Yckk1Y5OTGHju', 0),
	(45, 7, 72, 19, 'FmCJbxsv90WnvqE5OL316o25tQY9yhEdEhWQOplXqilVIZ0xL4', 0),
	(46, 7, 72, 19, 'ySsAXVrW5ZeJdT09JPy5MYn8U67UDTYcLrNJmeGreUbrNbBx09', 0),
	(47, 1, 72, 19, 'DN80V363XKWWXHoKrKY7cd1nEPzfnAp0ny1jB8nzSjwP1UAsFz', 0),
	(48, 1, 72, 19, 'ARMCfrrOHPo7PMFR5hZsQSMnHOhihWRRODt34VSLKgSA3yr8Pr', 0),
	(49, 2, 72, 19, 'BGjo41cljuial7NPbSK3Evkw6n5ywVZ7CiwGjJ2CdlMzsAoEs9', 0),
	(50, 12, 72, 19, 'H6E1DLoJjUEi2hAzXUj0wwlj6OTvsmE9sib64APnvuFyLg7Jaq', 0),
	(51, 7, 72, 21, 'wfTBRioRKksddXTYPedV93et2rQh7VMEbGf2ZDTJYmXbkR995n', 0),
	(52, 7, 72, 21, '4frjIuKzLSuywGeLIdpBXnYUyiLIrR5v6wOP1zoMrTlXzzJiN8', 0),
	(53, 1, 72, 21, 'UKvSF4arMBiR7poWepvDcXxxV77FpVNjGjclnmN9Y615vq1KQx', 0),
	(54, 1, 72, 21, 'n2vVAr2I6sDTMjcYFzktJizKo4bqP1Yc4t8EVan1D0Vpk7n0HI', 0),
	(55, 2, 72, 21, 'tr03cp8nPXoO9shi7dtue6v9vQhSQZAkqBnC0vZQsoECRWVZ9o', 0),
	(56, 12, 72, 21, 'touZxZPPSFOt0e4oR5TRWmfBZ7xU6HjA5NzDNosF3g94vesmkl', 0),
	(57, 1, 72, 21, 'dgItRIApDH6WhbJQOwehcixmn2APpUbCbT53CGsfnybFKUwzrK', 0),
	(58, 1, 72, 21, 'drXqHgANJtTCfhWRwG8K3oik4WoO501jrZJ8fjWZNPB26xTDe2', 0),
	(59, 1, 72, 21, 'oiqGCvC0jI0l1rkLAA5wASlcVsKO6YRughaTMNT6vUrwmMhWmm', 0),
	(60, 1, 72, 21, 'tWeP8ahTYoRPS8731UQV0lPsSce98BwByLrHVJAU7rK0AR3CMT', 0),
	(61, 6, 72, 21, 'xMfnf8ztiI4OkCALjvuTqClaCV2FyOz5BPtQX3jfMo461ESkam', 0),
	(62, 6, 72, 21, 'eAZAKBwMg4AQabFD2CHlStJWzLBr5LOkmNV6prTFvuwFGbjIN0', 0),
	(63, 13, 72, 21, '3GtND3yevE0kZm8UtxlmdRQJwxUQfIQjpk72oFgTkhekDme7UA', 0),
	(64, 13, 72, 21, 't7rkRYRMP6vGqU0xWpddjxvxS9U7gOHKW94O8WAX36Dt1E0Y4d', 0),
	(65, 1, 72, 22, 'JHX403TUylgdvJwHPAhFXM9DkVTsE4SnMPsMTlHsHXFcHbUxLb', 0),
	(66, 1, 72, 22, 'cIYmlihfKWkDj6tMTm7AOPyu2fFWMr7Za5lvoDL9z5MTbfG4CN', 0),
	(67, 1, 72, 22, 'FrDdVFtBBf2JfcOBIdeumOz9ILooQ1cvsPJoucZ6s2PHfEiYRx', 0),
	(68, 6, 72, 22, 'sel2n4OMsENFaguTEZ5E5yHUgWyzVq6nEsq1weOZTBE3R9Ww82', 0),
	(69, 6, 72, 22, 'beAS8QPHpK8w8MYyOvNCuGe9J6iFCqHNFiGN9vvzfD5nq4WezJ', 0),
	(70, 13, 72, 22, 'R4p5e9bwOOXwBCPiqYNWx3ADr0Hnfh67mwcAFn7ub51NHQ68PT', 0),
	(71, 13, 72, 22, '4nWE0nFILV0S2moeX4C4zO9ACRqIZfB4CyIDWolHjlzlIYAF2c', 0),
	(72, 7, 72, 23, 'cnLHVDQPK7EsRACVpKSZIV6lo70o54ChsoYn2PcMWQfOrRKQCC', 0),
	(73, 7, 72, 23, 'QkxWGV4Hk9LXrdlpAnfNacDp04hLVUnLeUIVQMCbVn8mBuMcR2', 0),
	(74, 1, 72, 23, 'Z1eDrfIJ0DDopSj7N9TqlPOucpYZCP1BRgfjwX2xBGV0ze7mo1', 0),
	(75, 1, 72, 23, 'MKQBe30c2D24eUkudRrgo2Xk2wyaTXbGH1hW4h97Ubb96wDkn5', 0),
	(76, 2, 72, 23, 'AM7y6a4FkXCvDkxUgCcpJ7BVhHrU2O0DA8bHifmCdY8RiFMziY', 0),
	(77, 12, 72, 23, 'Y16AWnhoikciXNq8uJoQmBPut8afHseGukgrHyPZS2iPQJYksm', 0),
	(78, 1, 72, 24, 'bOY0ir9tGQWUxrfNTWlJWeLf3CY1Xqo8em9xNj1u9XpGpEuiBQ', 0),
	(79, 1, 72, 24, '1x4NM8pK9nbxvqUFXIYZc8XCPmgjFS9HpeucmUXwh84NyYtwGr', 0),
	(80, 1, 72, 24, 'wTAtwpQNJvFTc57HhtCf0Tn4HW3atKCZDctaCjXlOCe1ImIZQk', 0),
	(81, 6, 72, 24, 'eQeCVWzY63IJ3mWwwyPuUE79FPvoOmJ3cXG7Tf60iOKlbGRIfH', 0),
	(82, 6, 72, 24, 'c9mji28OqXa91m7Hu1WB2fqMBBstjHawRxQ9zYYZW89XvhF0iB', 0),
	(83, 13, 72, 24, 'BlR17sDAVXi6u9DkjdjhdfqmdVESVXuxilzpOd0KaiREsvZLIi', 0),
	(84, 13, 72, 24, '3VxtiLoWDkU7SctrCiED3PVUunpt97Lc3jGl44iHpcPhpjJ1Co', 0),
	(85, 7, 72, 27, 'JDCfUFr0uYDepGH8GO55Kx3g0V34J5qtI3JDIaEd9iryY8GFXL', 0),
	(86, 7, 72, 27, 'LIjOYkJ2pt7PWQTFtBQ8PZqgyppf4m0P4kE3Fo54RcTO2Muwol', 0),
	(87, 1, 72, 27, 'Fdl5uTuT8zg9olu2o9qtdiG77JUBgjXVxi11cwVl5bvuwZxV9Y', 0),
	(88, 1, 72, 27, 'png6uoPp06IX2ff3hsAcNGniaUiHPrGfPXlklaJlhsijHynZ0X', 0),
	(89, 2, 72, 27, 'bODz6NtpvjRbyG8T0u4JPlb8FTH2SIZ4wDDDr72XqT8ZAhTALX', 0),
	(90, 12, 72, 27, 'kBjwKYqr1j91nGE1j58m2zfbzPtsqeqLQKhAJH2K1cLoSppbvy', 0),
	(91, 1, 72, 28, 'yy8NJHDda4rAPik6S3OVOP7zeZZEbvcJ3lxN2a0cfsN4L7bEb0', 0),
	(92, 1, 72, 28, 'zZPGz4FyIR4VA7g7VjiWvypiCaqNOBNnBD3aHJJqANmbVCiRWB', 0),
	(93, 1, 72, 28, 'Or9dKMnaAcMozo1DyJmiaX6w829rT52IxcVhYjsyvfW5DYIcI5', 0),
	(94, 6, 72, 28, 'uT3BpbDzCxEFfbRbtPuVo0al5OkO02UvVX6l8KUKiyqxKhJd7d', 0),
	(95, 6, 72, 28, '9vdkRj8b78e1E9ZKu7vpSNYilIz4WHh6dvq4OzfWItYmDX685C', 0),
	(96, 13, 72, 28, 'xXpwgKeQObx6iKCIPri4n0ymmcjtko5SmuoCfDs4PZb7KNPze7', 0),
	(97, 13, 72, 28, 'EC8dYuphXJG2C2x0FNE7Rt72ASQqr4y6HGjFaIX8sDb5GI5lwK', 0),
	(98, 7, 72, 31, 'Hf3OBeuvhKO9wAtc0vyA4bmjW5vufnGXCKLdYgJg0xpx8TK8oj', 0),
	(99, 7, 72, 31, 'Itv5MrahWqEDnhn9vmpfCpN1XVVI4j1MMwRyY2QUsvxQMVZiho', 0),
	(100, 1, 72, 31, 'xTOkVLfQtjav6W2Yv00lUtQrjDmiVEHsyvMuh2lLmvgssirXjr', 0),
	(101, 1, 72, 31, 'jdUaFeN2xIGfaeKXI2Z3Nmz4P1ngZGHiTCszRgBoYiE9xo6gq6', 0),
	(102, 2, 72, 31, 'kesTiiVGyUmfdgSGPKWr9UKN4hbayChSRKLa2HQABcQPtJvjtr', 0),
	(103, 12, 72, 31, 'LCmvpqNBBleTd5DZfGG6hii87MRD5l5QXrlnS9ZuudnHj1GyIn', 0),
	(104, 1, 72, 32, 'EZFX8NK0qPlvGjW2HPbGkFTHmcJ3Lsqqs6oAT8AjYWOEfLGWBR', 0),
	(105, 1, 72, 32, 'CVxwDTJnXuPoVhujSossHqow5EiMBTDePbKs4tP2YEqTWVdOjG', 0),
	(106, 1, 72, 32, 'h16FyckQYVKC9zNU1SoQUmvlgrgugAaxBhd9txZstJ4CjRwkKU', 0),
	(107, 6, 72, 32, 'bEhGZy8g2oQdWru9BYHBqalvMEmjY6e9LvQL4Z16oRkkjPtUNa', 0),
	(108, 6, 72, 32, 'velRJ7v6rudFEYbuJfuLlSCGcWvGQiRmxcegjJmLdzqSyBnhQR', 0),
	(109, 13, 72, 32, '2cJFSWCoCtHtPeF4uZNQK1qbTYNggD8iQSYJOA7q3OUT3AXxAL', 0),
	(110, 13, 72, 32, 'olNOwHMjY2X6lOYkxMVFdYu8SxIQ5iCtDpha64u47rasf9NNWI', 0),
	(111, 7, 72, 35, 'Tuy0tisejcoAOfEbvknIFH05Zt4CmoOfSnflFIAZUZAIffUKzh', 0),
	(112, 7, 72, 35, 'tfZukZXpBjNqyFNO1txBsrA3aPi4ARl46kyrjwQUPDloj8dkCK', 0),
	(113, 1, 72, 35, 'V4cw7mmqqWhL0n6zOp5FkViGkCOxWqiSvupDQL3hHl3IJ9hyzn', 0),
	(114, 1, 72, 35, 'dUiwAC8pa5QsYmXn0O945Rp9z9jRHTeVNxroaANlGDOE0L20zb', 0),
	(115, 2, 72, 35, '4F2tPCD8tk1IgPgHdqi0LZEzDElGEVRIBTcqvPzZaAHqpX8Dor', 0),
	(116, 12, 72, 35, 'DaqhJ4W5KA0BjBvw11mB0xbIXBG6e5xSfYaZ264MH4n1FTxHUU', 0),
	(117, 1, 72, 36, 'jVruEp6kvlq3dF1nE4uIQbNedt7Ka2FuX6YCv5X1qn4E262Gaw', 0),
	(118, 1, 72, 36, 'p1IcfWFnGQqlkosj0XoXYPk3unaw3k3tlMFBIlZpbqLwOdPPbe', 0),
	(119, 1, 72, 36, 'Ma47dyun5yI914VHGE3F3f5OLU2BJdQwnVDBu8ZzGHIILEqrit', 0),
	(120, 6, 72, 36, '7lJdau7c6RqXnOS1pm9oWQ6FySjZkCtrYcF9HNmOEML2AD400d', 0),
	(121, 6, 72, 36, 'oX4vCDnWCHy59xiOGZB2NgPyipcnpdAOaEkNhHJUoi0xQimwhX', 0),
	(122, 13, 72, 36, 'z5doEwNRUd4u2f9m3r4Mms5m0VEmsWk11ypG5dxZrCutREQU6U', 0),
	(123, 13, 72, 36, 'HsnNOnJtKbp4drCD7HQFGhhaL9OB4UvMnTzcgjF0v55IwHlEpc', 0),
	(124, 7, 72, 41, 'Z8mvtAicqHkUD90JJehTqHrqSAXeY9JYi5tLGLX6th16r2Pag7', 0),
	(125, 7, 72, 41, '4GPw7H75V6eE4wKyhqkfxNxzTYBJ9RQeyGKFnSLjYZX2wIAO9V', 0),
	(126, 1, 72, 41, '3HIAgCzRlIIcXhSHXgzIzyIxAffb3p676PImrhdN0W0XdSFb8f', 0),
	(127, 1, 72, 41, 'TINCfoRvAVUH20wLmY2AM3wM1KFGVOWPwKrL8igIebqgbW2yV4', 0),
	(128, 2, 72, 41, '9H8Gu9q9QmXMbtwDfFVwo9HOqTLssHxBpFhTPI2F40sguZTJFP', 0),
	(129, 12, 72, 41, 'g3ZXSpRESjlqVL6dEVVHB0I4hc3aWJ0cNZaGp1khlGIhrOu6Kp', 0),
	(130, 7, 72, 44, 'nQi5JMfhmxGb27P5oqpRrIwhORYJfhBD8UJSGZ93wQfzX4Emv4', 0),
	(131, 7, 72, 44, 'eXNKeBCclSuWvDQewxdFBKwQktVZPq34oROCsrPNjkKOXB3t8h', 0),
	(132, 1, 72, 44, '9K1FAm9vlZWp3lgRXJjMxC6hq4Tuy1LHMNnm9wSvvPUyabq8UJ', 0),
	(133, 1, 72, 44, 'Vrl2JM7ChFE2nqPKNZgGuMwpkGALPuvLWQNFDUiUzWXWnNHaMX', 0),
	(134, 2, 72, 44, 'QhKmH43hQTMlEIcroQmGKWDIT0vAbiy2zipgntydmky12LsqBP', 0),
	(135, 12, 72, 44, '7lLK3FLzfWROYq6oHtRfHezgfC1I3CxaYjV2YGBeDs2CT80ACR', 0),
	(136, 1, 72, 45, 'OlqwqHIuSFdSR0R2Gg31ypHhH95bgPB4b1BBJj5BYitQjkS0BW', 0),
	(137, 1, 72, 45, '1amJr3Txe9mQeySP9B9ec8xGYR1RRCNSN9CfdvMsE9iTHaIRLR', 0),
	(138, 1, 72, 45, '6YZDEYuFPmiCe6MQlZl8r0hJTZUCQGtWEtAjr5ZgriSFoFwKES', 0),
	(139, 6, 72, 45, 'T6TbPNaKp1qSX4lyoNDn34FWK4BhOf9Hl3SbQ3Vf4l82quAOhd', 0),
	(140, 6, 72, 45, 'ckiSg2WRjL7tsswlEmpzCuVKwme7bvlnQDf6GbY0W5tpy0Lcnb', 0),
	(141, 13, 72, 45, 'M0FHKc4ZjfvEClhSsY4qY1vsr3tdgQo2Q3KBfOAy46dHrvzUtE', 0),
	(142, 13, 72, 45, 'ksFQU6UnjaeId5LYG1NhARnNyPj8JMM4frU9yPxS0LAdQlbxnY', 0),
	(143, 7, 72, 47, 'rEgl2TZcoCUipTcYzsrsWcocLEVDfh9HWp2Zi2bHE604Zc2yEu', 0),
	(144, 7, 72, 47, '1BGqNs4J5k1f2YE4XX69ELfEQfRTOvnP74fUwkECFGRHEvMBsT', 0),
	(145, 1, 72, 47, 'K7E0LvfCo48LTfP9amuPYavPR9lDKOxvVcvHHLk6PtRJJHTT4n', 0),
	(146, 1, 72, 47, 'I2xdSpnd372ADYM9FtU0zKtrtc9m6dKOgh28HqmKypkbn7k3Be', 0),
	(147, 2, 72, 47, '3aYxCsJMOP0yEgQHpy7MiFbDRzLbCmqFxpc9SWVGMWfqc68CEg', 0),
	(148, 12, 72, 47, 'oXWABN9mZLIprfPEpHAlomhDNuKV6pcum84YVekUZ2kqi95HRF', 0),
	(149, 1, 72, 48, 'Qj5qzl2A35dAgbUbdTSP7vha8aj8LV0Bf62Pr4quaD5qOZC2Tv', 0),
	(150, 1, 72, 48, 'R019b9juh5piHFoJuPOUkYxqpmp2oixgjzpuIJZ0Opiw4Gfyw3', 0),
	(151, 1, 72, 48, 'tR21hrnHuM023kBsOjbOj0dCwhiMQPQjGSlYkIFOvFQyZr0OLc', 0),
	(152, 6, 72, 48, 'C4dPHK7ZwXPmhweCuylanQQdpPEpEqChvQ7cAec6c1tuyI72ht', 0),
	(153, 6, 72, 48, 'dEj3RJTw9xXLPsCWEcbQjoRMTpv1sMuFrOIjxCQG9NsZf4VTh7', 0),
	(154, 13, 72, 48, 'JAwBnp1SqtFV96JSpgufXE2pDiuzbLHUldvJDwC40hZaoJ2O0x', 0),
	(155, 13, 72, 48, '3Xb6nPoRpAD6uZk0IXxk2yC1I0LLOLiSJuZ6jnYJXBPsA9tj60', 0),
	(156, 1, 72, 49, '3f1kTPODLU2Xpp5un1IIWILh93qeLiTOxV8qKX4wR7thxzLVBu', 0),
	(157, 1, 72, 49, 'DxcoOlsfAdxt25pbwa8AG0IaifJ3alyOTLcH7FXHSvbVAA66Lf', 0),
	(158, 1, 72, 49, 'HrgpByFlCQHaEAVQi2wfKoLVkmwqshGaIWAkufG65ohKYcBgf7', 0),
	(159, 6, 72, 49, 'w0whVQDrh6JXhsTRNo7uvdSMXQZy7fGDfcVb2yDjFmhWObOBzV', 0),
	(160, 6, 72, 49, '549XQ6OQFV5lykyuvA38UIvcFjntVXp11yYSFNJlIOHh8fLEQO', 0),
	(161, 13, 72, 49, 'NLxiXcBlGxi6ykFxdlkWG2LokTE5yvUlgrDeEeAlLTrke6Rrrb', 0),
	(162, 13, 72, 49, 'o8e9wz3bEBGzWX1AcFOM0AGrUUyMm0XK8cUFLYRqzxZwv06HGV', 0),
	(163, 7, 72, 52, 'lllrecPjb0UnM4i9DIxNbnnBNQ6tex5zTq17CQrNQmaCqtL3cj', 0),
	(164, 7, 72, 52, 'RnGfZu56XkD2TwtVE6L5TCr4eRx0VJkN7137v9dstQvnnZi153', 0),
	(165, 1, 72, 52, '6YFx3UpBVllf9tgcALlNeOEKb1Jt2Px8NdGR76s3sOiBhzNRl8', 0),
	(166, 1, 72, 52, 'EAXjl8k4CmU9vImczuj2xLQQm7q9ZLiEmfXHohM0EGaaownY1G', 0),
	(167, 2, 72, 52, '0yrRpNZPXYBgCYvzGURsVw95GxC3vDKwcbnCZnsXl4dY2JyIDp', 0),
	(168, 12, 72, 52, 'byWkECRgGnUqU7CiJCFbz0gMZiwx19XcITwnwoEcMzDGGgYqSD', 0),
	(169, 1, 72, 53, 'BsEReDaLabU8oD1U1xjFK5eoMVEKlxoXZ3PeGZZRbU0zy1uzzN', 0),
	(170, 1, 72, 53, 'fkStIEpnpKUOHURw8yw7qH1qhArL91yolrS46hrw1mlJgcgoLM', 0),
	(171, 1, 72, 53, 'wbuyBL83xi56GqyzuEQWbSiwCzJSYuEuG93iVcmturzbS7KnMA', 0),
	(172, 6, 72, 53, 'jXtCu5bdX9ICEoMIGHU3aouKznRkKEV3CoG6uRks124FrRn8yi', 0),
	(173, 6, 72, 53, 'bJGFtg2lAN0vRCUxIoo2Qq5V5wMtElMP5svzJyVklVQcxKKg99', 0),
	(174, 13, 72, 53, 'j0zoWFUJ9z5VoaoUK8tFsOAi183ModVHdu5aa0TjzYeY9CSTKl', 0),
	(175, 13, 72, 53, 'zdaawciAYHNUp1ovbyv4S5363cJW6uiFHtPeG8OEPBzeCYJNwf', 0),
	(176, 7, 72, 56, 'lGBAJraJWyObaxQTr5a7e5LvjlEDUSVfywQhY00VzO7KlXDN3N', 0),
	(177, 7, 72, 56, 'UiTGNd1sQVkMbTi2ah3acCYjmkg08kO3CHJqVKTMGdyR6RTh8W', 0),
	(178, 1, 72, 56, 'rkzqDWLUWTeLWQsGgoq9a6nIYuzSLHPd1oEFlpzijO3fEwWVUm', 0),
	(179, 1, 72, 56, '54tsNrXnjJ49X6xBMT0mbjaezPKvKFSQKljxMgU60ZfX6NySGy', 0),
	(180, 2, 72, 56, 'eSSp6seRXZxPPhb8OYpJ4pIkmO8VGPuVHmkOOzGMydCouNwjLV', 0),
	(181, 12, 72, 56, '2QlKaIzjDg88bQuwEj6l6EyI32vzmhvo7R9izIBdYJlaAPHe9N', 0),
	(182, 1, 72, 57, 'Ags8Yvbu5xLAVSr4a1NMeLwzV6pClzqVPS3OnfisM43IXvN8wA', 0),
	(183, 1, 72, 57, 'ULlqkhwJURikN8dQWA5e3Sj7AgCoo9YiUkJeBgYw7hQUp4LlER', 0),
	(184, 1, 72, 57, 'AIKTPl9sJyBHRw1ALDQJ9Y00Tq4FLJxlrhehCoJmXl3OS5pDIg', 0),
	(185, 6, 72, 57, 'nSeoS8OWOzGlV7Capfz9BwuFkmKJ0tZnleLdnAab9Rw5Z9fooO', 0),
	(186, 6, 72, 57, 'x0k2FFppppTpNeDzs19DcjuJotSERhsphNrWsRmShgh4uVEXWN', 0),
	(187, 13, 72, 57, 'A864SvyK9q1CPjqhgT9DLqT2vnX9lTWV230UyyFIYGkO0K6gDf', 0),
	(188, 13, 72, 57, 'ToGNrbbokwihrlkrfT0UBZBWOCGUSkaMJQza2KznhSEIdZasTa', 0),
	(189, 7, 72, 60, '4pGk86vfMjQ9RLwzmHgBd70aIw8ivijzIZUR5p6SIX2zIy94gq', 0),
	(190, 7, 72, 60, 'GuyHFheNzJ6TiOScFYCMQlJSVsr4xIved3WSlaFUTLOcAGpfE1', 0),
	(191, 1, 72, 60, '2vmLnhePmLxRZKVVDg5ibZ4ZbFGAVkBXPXIdfX2BIAsIloDYEJ', 0),
	(192, 1, 72, 60, 'hQJmPU1vvWQ6TF4CTjzVViwn0RMEPqo7g7t62uBxqsEk8IX12x', 0),
	(193, 2, 72, 60, 'XXQtlQk8vayThP1KW3eyBF0f08YY90w6YmAkcUsI51CmRD7NHm', 0),
	(194, 12, 72, 60, 'mi2mx3uv1EwxLvTlQ6gjOllrId4Q0Mcm4eJChd8jSFQDbKY1Rf', 0),
	(195, 1, 72, 61, 'lGAG7jTc9UYmh3A1GSeOc7u2KFNJHEY3kzKrTDD2yCoQFZRlS6', 0),
	(196, 1, 72, 61, 'a4dE7YkUH1zF5TfPl8sYb1BASgzKCsQMw4rD2LyJN7pS1FHmNa', 0),
	(197, 1, 72, 61, 'lYcWz4d8OPBFB8J3LMOkvCsVutAbPomamy7VCk4r9G7LOQOACD', 0),
	(198, 6, 72, 61, 'U8fm4JQEVF2hQpPXlshqUr61cVS1vvEqDTNIDDmyjpQ9PG7b9p', 0),
	(199, 6, 72, 61, 'B3QI53DX48sJy6ClOfZbOiBFsqlzBuYdyPVDSzAXI3Gh9jDYzC', 0),
	(200, 13, 72, 61, '9nUK3mboWNTU0rKW5DvFAeJhvSA8R9K1xFLA1XZYKSSKkDGpgc', 0),
	(201, 13, 72, 61, '5RqO9VHJ4yTOzrul2wi2u3VnNf0uFhHK97zi3g17PVWpmqKpW3', 0),
	(202, 7, 72, 65, 'aWKGUE0HpxxPDMmbxMkyX41nNf5OYzP9vAPqeP7DnFt1rPcZCw', 0),
	(203, 7, 72, 65, 'yzBAXoP2dNB2W6CMwRCEvZjY1LOdKrKi0lSXKIZXvB0sHDfeuR', 0),
	(204, 1, 72, 65, 'SZRcYSYN6IeQ1fcUdWCdT8OTBwxQK1HD1zP0rOOxw2oyiAtvw6', 0),
	(205, 1, 72, 65, 'IqfxkQ3RGNTorVXhWp5KXCMla5WEAtKjUZQeQT6wH0V9VTqRiv', 0),
	(206, 2, 72, 65, 'Cg7pBiuyW41HnVHeax8g4QgZZcTp4bVGs253lABiEDZ2zHhJep', 0),
	(207, 12, 72, 65, '0igghftbFxnAePDkSZUuhz8hCHYTqdjqvzHNPbYuJl5XaJi3Id', 0),
	(208, 7, 72, 67, 'x36tddkeYFBO0pkOngc3NwDk3e0BZHpxLw1YKldI0Ow1dRPB82', 0),
	(209, 7, 72, 67, 'FVyifCwgewYD4Ja5HUrVCsK9tY1jz9le5Uxlw4BKAzoEiyK0sb', 0),
	(210, 1, 72, 67, 'W5DGf7EgrdqMsvGZQc3rXE1ljkT3lmfhsSXH0BYrPoeiTUhK7l', 0),
	(211, 1, 72, 67, 'c50dqjxkmSGC99u7QvIOWydaQ758Rdt3iuhINP3aIKMSThZKMI', 0),
	(212, 2, 72, 67, 'yJgMT7TZfLcJPud6d0WhbE1XxUfwE1fdKv0ECTDSEPBukOAyPx', 0),
	(213, 12, 72, 67, 'P0cQYJLdfpfuDZ0DEDxhwc77GrWh0MOPN0GLJrZZReuvev8S9F', 0),
	(214, 1, 72, 68, 'y0MHipogjPuCgZcYM19LwT6CRhl9l3mT49AmzZDSP7v56H4TJe', 0),
	(215, 1, 72, 68, 'Eg7KSY2e7niuhmERIdRm6GtBMAjRt257jcScaUqiiINz5srOGi', 0),
	(216, 1, 72, 68, 'aMZDnMeHDHJJP3VIf6CGpUocuuEVikds6d6uZkbD2VmSZiAeod', 0),
	(217, 6, 72, 68, 'UN8j0CNEx5ZLy6YEBYZNC2IZUHhuWGIRtQausY8048LCfKhQJh', 0),
	(218, 6, 72, 68, 'Dljmke4BJ0irSLh3gK1oL6xwJMg0D0iglBDGQHizIA0AmiEC3G', 0),
	(219, 13, 72, 68, '1OMylvlCwYCOfXqSDgzVQiwQTS9xuddv104mvpY1oAQDygvcx5', 0),
	(220, 13, 72, 68, '7noDehwnO0A2vC2AYxZXznyq16GwidCqB04PiAc6BN97pbHoJG', 0),
	(221, 1, 72, 69, 'aFShNyJJPKwEzjFg5pH5ozjT4ypdryTBdLT1jCL9mhNWBsdGRU', 0),
	(222, 1, 72, 69, 'Lgu5ayDzL47EGlqzmJc7SzoGv09IG1Dsh8xrHb0tf88WtyvQhH', 0),
	(223, 1, 72, 69, 'XagmRMm0v329vji2LZdMstVApo8VeqDcBUzsHWtdZvmvPFxBEL', 0),
	(224, 6, 72, 69, 'n7fiHFHQAWhd9S8IlPFO2Ekp994HKJt8QIrxo8oY5GceylXUaC', 0),
	(225, 6, 72, 69, 'Jch3CqcG8XpB5fkwNIFcHLSUZrfXlqA5CR8filVqil2nBmUp5A', 0),
	(226, 13, 72, 69, 'BMluHlVWihmSmZJve2Qas8wvw7RrxX18KmDrHzo0QKSdKCIZEz', 0),
	(227, 13, 72, 69, 'a7HGCeNuFlrHtc37DLG1LxMELwhtwW3G4KmHZacEvEmZQp6tbN', 0),
	(228, 7, 72, 72, 'zkGr3bG7aA4q60bXQmH9aHRlFj1u1N6B7N2bYJj9jozpoLmf74', 0),
	(229, 7, 72, 72, 'ohLfDryEWAs2bAQdMOW5YgtyFSj27r6wJSLnjk1fUui649jQYg', 0),
	(230, 1, 72, 72, 'WWwqvcjOeqfkXZdJmx3oMYS54XeoOcFK9bbEoutCVJXSIaB4HF', 0),
	(231, 1, 72, 72, 'tuElAJjP872NSbZ3Qnyj0t3XlL8XQQDjlhFV0YK95MWXYV1Ojz', 0),
	(232, 2, 72, 72, '8j2bgoXpmOfZ7AhMwiLhrR4nP2jQRCp0VsccR9BeYRd5svSZNE', 0),
	(233, 12, 72, 72, 'gevlCkoVafyAgt3tGVDi9B9nGCSzCGdSUIex2CsdS0O8uSBaNe', 0),
	(234, 1, 72, 73, 'sXPCkwfd5RTjKO1Yl4AOisP7BjZctMrWJhz4OOiUGbdq0fomkZ', 0),
	(235, 1, 72, 73, 'aCrZJ2iIfMvHJfZikN7CHNOUdO9CatBl63kQ6Dzlp539k2rFPz', 0),
	(236, 1, 72, 73, 'hwm6rAVBc55OrbRL1YoBkOGnY0qqGfZXMl3dWYP94UXw5Ph7NG', 0),
	(237, 6, 72, 73, 'J7vpvtqVT6aT3Xf7bb60kbViH07Z8VGR3bhyFHtzNEsRCHZNT6', 0),
	(238, 6, 72, 73, 'OdhJwZKEZTzFLCR2bxKF6xkzpWhpKavyoNiUN3yMW8rHLjKWQu', 0),
	(239, 13, 72, 73, 'BX2WxsSORCZmbnauiXxRJtZbbKvVHlqjjsfQU8EMKD9W1jqkgX', 0),
	(240, 13, 72, 73, 'b0rbcCWHyE3YXmrdcllQ76uh2wAtRRq3SRe4ubM2PP1MbsZnOl', 0),
	(241, 7, 72, 77, 'NbOEjAwdoh73K5qLrQ7T6o3llFHn7BxUMlz6W5jlnro7xOTZF1', 0),
	(242, 7, 72, 77, 'SLpV7KAO8IqGDd1ckYiDjF5IMDxFCcHvY6q6R1UZKlFnyHzSGR', 0),
	(243, 1, 72, 77, 'w0wCIjffZSsGnrMNxDPsDzNjXl1weHoKHVnqeCGeu8USAHG7kv', 0),
	(244, 1, 72, 77, 'zY5nh2IizX0XHIT488HOmcXg4xXKFigfglCyokRXiSVZAO4IXM', 0),
	(245, 2, 72, 77, 'xjYuz32xOHP4W6qyFOTwMboHbYwgHt3fN2Jm5MUTtKYqQoZvdS', 0),
	(246, 12, 72, 77, '2Z4rHgqew7IzmvC6SHSNBmxAMnZLTcEWcInUYN9vVS5ioHohph', 0),
	(247, 1, 72, 78, '41EBBqZAcTNQP0zcUy044VW9ekRDBgUFiyhTZhubah2ZhBcc9c', 0),
	(248, 1, 72, 78, 'ge8cnnxf08wVOOu6ItncFxtHxLjJXtWeH5r5sYkt7QoWFS2nlp', 0),
	(249, 1, 72, 78, 'z1X3IuO2eMvb1dgsiJqCcytAu8swwOW5PT9ynYBCK6NLj4eCNF', 0),
	(250, 6, 72, 78, 'f0dIBHR4dnSatI3ChrBS3lZQ7jVmVI1aJeTkVLo99hjC0mfhOQ', 0),
	(251, 6, 72, 78, 'aRcaIktDGpmIA5WtpReO1n5k05Hgnv7ynkI6EcJlB53bbZFBRU', 0),
	(252, 13, 72, 78, 'pSivdiAVzYqGxO0fUFsD03J4fV4VwVPWO7r2q2X01oGycHO6mg', 0),
	(253, 13, 72, 78, 'KnjurzqvuXrkTgsljSngSoEzXRgLYD1J0lesUEYpBqJuGbP04d', 0),
	(254, 7, 72, 81, 'U73qVyeivHtaaZrlixZBsUTswkoudHD7PGyKfN3LuwVEwnZOUZ', 0),
	(255, 7, 72, 81, 'qnUjPqEdURVyZKfyvulyfP5buByuqttQQnaGNOUIGPgFAwd50z', 0),
	(256, 1, 72, 81, 'EgoJrTl0nMtQCkdN01CVKiK1YlxcqxL5OaOf3afqWJgz4um5wZ', 0),
	(257, 1, 72, 81, '0ghLhg6OsxmeCaorprBFRyp87tDuy9uypLkG2qvvXRJA171ryD', 0),
	(258, 2, 72, 81, '7qbwyj0bOyli7K4sq6SVBQNkqOrsg05nqgUZzUbotwGBgK3HQW', 0),
	(259, 12, 72, 81, 'DrMqMdfeFveKTE1NEBIPZblFNCpQkgMXIznuNDIs8Xd1BfOfQw', 0),
	(260, 1, 72, 82, '5QIrwv3Wmnc9lVIJpwm8Yu5cwHrlXiS28AtF6xBtVNCgIlZ8Rm', 0),
	(261, 1, 72, 82, 'hQQn2n4uI2MB5VczAi6bL2ZoiIJiQAE8qvvtSAXBDJcIFohfHo', 0),
	(262, 1, 72, 82, 'rtqqRI8B1ZbF7CbD54e3FRNSzshQIZf9tFAkoIWpI85QKgtQkH', 0),
	(263, 6, 72, 82, 'U0zHT89bZSae1DUBYikUI22NTN4nEp4yqEgjNquMiF1kiVVheg', 0),
	(264, 6, 72, 82, 'bWjeJc1OzGdEfDivX6VsSe7UyqPuH3KS047Jg9xQPLv4pOAmUw', 0),
	(265, 13, 72, 82, 'PNKWHimxM4BwXBA4lRdSI3Ed832IqWegJYcrhzY3EAABbbFw2T', 0),
	(266, 13, 72, 82, 'pLX3Z571OyY3OI21ajB8mfIWQU7wqaqPVnTVs1XgzVjoElpOF0', 0),
	(267, 7, 72, 85, 'URg9Ihczpikx3s0m610mI93ksZzcERvzILIr3U0sdl0gN0DT2D', 0),
	(268, 7, 72, 85, 'gKMj5ejEqYvWxdIgFLbFdo0dFOeiIhVY1Hi6WBKnAgj7u1n9My', 0),
	(269, 1, 72, 85, 'O0XPeCDtUmKPlMxDSufDRPUbWockxZSm0PcfsQImcscxeJb7dq', 0),
	(270, 1, 72, 85, 'L5fFgc3twBspYtfaIH0q3dTfK7ZWfdm0iCFzOJ2lluKjYZuGGu', 0),
	(271, 2, 72, 85, '6JH0Zs8YpnbLnuo33dN5y8AisyiWeYrlI8lIBtG0RRMflaipo6', 0),
	(272, 12, 72, 85, 'uWe5fGDxDSw4efdAXO4DPVvBaRMtgazL7OQnvuU8mrcAHpaEee', 0),
	(273, 1, 72, 86, 'i4aOGlFsOWDoILcz8H33Qpv30ctbQHq8MAXsVCUKzy8iklRs3U', 0),
	(274, 1, 72, 86, 'wTk1Xldqw38XcUy9mtMhemQnFaIwDMr9GLaD7o3ErcBE69OsDB', 0),
	(275, 1, 72, 86, 'KRYAeDKX9oJAxqmI3t677ykJcqS1TvCEnAeBeZznnjYVJkDNOK', 0),
	(276, 6, 72, 86, 'VVifEvGxwA29epKs1YsBmQUkLEFprt9nprD4XjBtTED74oA6n2', 0),
	(277, 6, 72, 86, 'HJSC4EgJ3Idc5DEJHB2j5WXJ427F8vIQfBskfI3jrhvwUafCLi', 0),
	(278, 13, 72, 86, 'VRfTAjVIZ4dHVtinNy6RRx8n43xkFjCAaSuLbqtbuHSqaaOXJU', 0),
	(279, 13, 72, 86, 'OAsXXx0vRGPuh0nLLybfJGXC67NV5wQU6iR4QSAIypcPqzBc8M', 0),
	(280, 7, 72, 89, 'Ca1uhHvwmzunzdJNsVg9gYjjbRd5kIGWTHrboWHKwb75pRTSMa', 0),
	(281, 7, 72, 89, '238lmkdAqxj6udNVocS5Xph5vHWozIyCMHY91bJrJ2yegmaEy3', 0),
	(282, 1, 72, 89, 'Kws1BXJxligUV2BTbD5V4OYD2eZdTygD4IFFFod1HtWCwxvIaB', 0),
	(283, 1, 72, 89, 'EfpCSsRRFKpVnuE29krnm8QiKnQg61RKghn9Ke1qZrmmV0p5lQ', 0),
	(284, 2, 72, 89, 'sHZjZJHP0NRRy79VhTajk9KGwGHWM2NeJMyIwfyw3poCxxxPrI', 0),
	(285, 12, 72, 89, '8LRSsnz9klb7AUT8DpocWsCk49RCZjk74b0wzzFTVQ1vLVDok2', 0),
	(286, 1, 72, 89, 'AgucBzmsblLvtQHtng23aYUbtF673r9EIERjedLpzxU2oCvLSy', 0),
	(287, 1, 72, 89, 'iwDDe0EYjCRs3r94z0eDxHyc6wFH1PijmWXAXCyheqJhSSmsTB', 0),
	(288, 1, 72, 89, '6riEDpbi6c8pwumt5j6EAk5jCXcYp6zwxSabhluoyCN479ydtE', 0),
	(289, 1, 72, 89, 'R3ZWnBUAAjGaPd20ojmSIUvvZDFyQ8cHccEANyaoSQyH4AItU4', 0),
	(290, 6, 72, 89, 'mDZS9ZvOxlXK3aWHKKfU87LHPPhxjcCFQCyZB3N9oLTsWP9Gzo', 0),
	(291, 6, 72, 89, 'BIwmplcHTvUwbK8JJKNxTciMEeCNVbbwUISj351WAVsMFBwolj', 0),
	(292, 13, 72, 89, 'Veve19tDWpP8VJQO3UT4RuZjhFUN3g7ZvCewMIaJ7ZS3JJSNDM', 0),
	(293, 13, 72, 89, 'RuhROywJmAZtzv6O2TxcCEcvIWeAJSnAnErbdXUAxU47paWs4t', 0),
	(294, 7, 72, 90, 'EH8QcQMrrwjP6GtySHvNh3Hlb7w7zABehJ5uASV2ofRuVl2O2y', 0),
	(295, 7, 72, 90, 'BkCiFNqbV0Mwe4gjzQcuSAKK5G58u8G5sjo76Oj2P6y3aPnJFA', 0),
	(296, 1, 72, 90, 'eyaYifEno8v4eYoC5urpxgv6kGVIqAiE8tDqJiO7rkcFiAio5J', 0),
	(297, 1, 72, 90, 'NC0jIl0E4qem5nQIOz0CGrXS7fspEx9raaLSwLwAcLXh9N0Xm0', 0),
	(298, 2, 72, 90, 'A3syWANp0rW9T6kFZQrwqDinUsbUpyV0BoyyYmXYOT8I0sn0iO', 0),
	(299, 12, 72, 90, 'xJsQ7niihIQdJsBi0AEXzsRIaSbyTunrdPhkczDuitH1WjjWUY', 0),
	(300, 1, 72, 91, 'UurMcCEnayRxZ5ngpzQ349wMas6up0sjuT5HvK5GiWdi1Bzrbp', 0),
	(301, 1, 72, 91, 'ufz11Ju8eT8GdDAjl64qMnm0FoBeQMEl2dm4XRcbLlSYYtikzm', 0),
	(302, 1, 72, 91, 'KlK6lpvXEmKjHMx4RuV3GGpzFo2XIBksX4ziu4g9r0s8MZcEu8', 0),
	(303, 6, 72, 91, 'HbO7KtvNrdoMFlQfElkUuLVXTHX6lre3C3anxGaYTzKzVBOAX8', 0),
	(304, 6, 72, 91, 'urTppN7mTtO8xrbIPJoZIiysRu4G41OztIZTv7fpA4y8vKQktf', 0),
	(305, 13, 72, 91, 'kbyTEpnJ6rKV0eD0797nzIr7QXRHikWCwuwaUTT1lEWmTzm1Jt', 0),
	(306, 13, 72, 91, 'oibQp1OgI6BFJ7afi58c6uR3QLDcMmFaER14SPkBWWhF4sVmy4', 0),
	(307, 7, 72, 94, 'Yk16SE60Hd7DzM6Es1bls5un8sZBxJBw3DDVhJWYX4CxQJcjKn', 0),
	(308, 7, 72, 94, 'Edt9ABCzd9iOFmrjiJ3fH1jjy92LsN870CgAeT9r2sgIPI27r5', 0),
	(309, 1, 72, 94, 'm86FsFPvqhizpibGTpz3RCw7llQnshsOqyuTejoEBHd00pGTPg', 0),
	(310, 1, 72, 94, 'XGStOdOEBgW35nCzgQTFuunIun7bhWseDkHsyw79N3dSrPsHGl', 0),
	(311, 2, 72, 94, 'nbQKTk81wpYYDBjl3SRb2FefyF50nMmLXcvRxDS43Q3Hsn2wfU', 0),
	(312, 12, 72, 94, 'HhAWx8CD9ZpvLnIhegV6lYXoFqLIW1DEjdARlcuucU0XhJfvZa', 0),
	(313, 1, 72, 94, 'Cl8AJO0vwWx9AQnbHIocdA6dynWNTWXwh661U6xq34AEVXPCGd', 0),
	(314, 1, 72, 94, 'l5IwpnVbZ7tqAFA8pR7AJ2ATJGVlqcjLh1iHpeSpllPW1q4qhc', 0),
	(315, 1, 72, 94, '01eAUXhQjI3CtlEM230VsmghiiHnIZzJ0OjVMBM5jPINamzdpA', 0),
	(316, 1, 72, 94, '8SWp9eHRCqRb9RZtNM4ARnqAbBWKOmlXehmow3f8u7kDYk6M6a', 0),
	(317, 6, 72, 94, 'mYyNyJouucRP957wuDAKM4R6HQqOCwZZuxM3haxMnpBxvI4ZmE', 0),
	(318, 6, 72, 94, 'J8IAeqqFe3be2GMPJ4ZhQnGrVbaZawDUEmuTNVy2YKg1q2Qa7Q', 0),
	(319, 13, 72, 94, 'rXe8p9kz9v6NpL9UEXQcZPWgQnjHyqx0nL8MVtl4YsRod1jRY9', 0),
	(320, 13, 72, 94, '4YY1ePoxwXY3XlP67KztPyVHW9If0Hp5Fo6UdvsJsqMpLCvTn5', 0),
	(321, 7, 72, 95, 'ncDjTAsCQsjfyZEETR9lACMn1xZxqmDOzh7sRz5I2oYAoCeito', 0),
	(322, 7, 72, 95, 'E30qq2XqAoNddmukOmTT4Wi3wHFLZ89Dca3Dc14NqR0DdvX2SR', 0),
	(323, 1, 72, 95, 'WXNe0kVF5VOfy1qCEDDIq4ArHNWFPOxLLk0LFWrLRg0qhr2W4G', 0),
	(324, 1, 72, 95, 'FuLfVs2S8SGFDs0EeFAFqsWrSdSVaXCPrn4nQ7fYZWEDpEiDjT', 0),
	(325, 2, 72, 95, 'jKlfbet49D1Lst8xQYF6XF3BjsfB6zupjPFv38zdMAYe37MU6r', 0),
	(326, 12, 72, 95, '0373EqvU1Ctw1NlGipPRDBrCQvJDpQ5qTctyCZtEBWaDKwk2W9', 0),
	(327, 1, 72, 96, 'TzLlbCRVfgMkGGxae9aIOLFYppuJrrTl0FGchx8xOUSvApFPzQ', 0),
	(328, 1, 72, 96, 'xnBcl1BQK2hDoii4uACC7rxZW7pCWYsul4GH5iyQlQtJ8MODnq', 0),
	(329, 1, 72, 96, 'guSNuPUTrRSUmeZ2V5luVGkpqtce6zFm4xaym5sOWkJjyJluOH', 0),
	(330, 6, 72, 96, 'YKojaOMm2SVHfZfpyCu0qrlaKTT6oIOmtcGD0sZ3lVKBV01uCw', 0),
	(331, 6, 72, 96, 'u3YPeIJ8P7QDujQaXQDWTYSEAOFBih7Nl5DzOmHEuyhYR79OYM', 0),
	(332, 13, 72, 96, 'LSLEwltbWLt4zO9coXz5C3ET1v1ak0W6SILp3eA0Z44ySdLhbk', 0),
	(333, 13, 72, 96, 'nNn1HpxJzRKwYCeJ2iXCiXHmwAAiRMCeA0fipM2ZEMvDpKnr3k', 0),
	(334, 7, 72, 99, '1X4HRr0k6gh7eaTepzigAhwkE7CGCmfEkjlbLmwSCOZQYS4nsn', 0),
	(335, 7, 72, 99, 'E2EaniiZZUlezFyURkgocTcbKa4OywbdzPoW8GW8BhmaXV5Ogm', 0),
	(336, 1, 72, 99, 'ctfoFZzJO8g0mQQLMZsJ730ueYqkMGGZ9WoPWYyL7PLtFCfsBH', 0),
	(337, 1, 72, 99, 'bILcd0aDkXj1WtYliVjRGqGsUm5aOGRZpDbCDmgYjA0f3YBmUU', 0),
	(338, 2, 72, 99, 'eAlV3gh8q5Pi5fVhSzD8xWIxcMwN8qIn14i4kzdLE33KiZ1ayF', 0),
	(339, 12, 72, 99, 'i5B1DON9BWAkjBoBGIbTuPWxAfxCp5hIbTJPHwYjszDMa2nQLy', 0),
	(340, 1, 72, 100, '4v1qH3R7ZQRym1wypnV2rknt9Ia0F4xKAyahC1oCSgaehHMH4I', 0),
	(341, 1, 72, 100, 'Jw26ZbP9cueJfOip5UruwjLHy2okJs2tY5zYgo7sTmc9auygp0', 0),
	(342, 1, 72, 100, 'LWjwDRy1citfLsklqBKy4EUgN5Lmmam77GDKycLKufZfIkB9Vl', 0),
	(343, 6, 72, 100, 'HZ0CgNI1a4cwbjdP3L1Pvv5vLNQnWLJELJh1xZ2H4eegyr5Bd6', 0),
	(344, 6, 72, 100, 'rJCweok5LgQuVBdcCLbFsfUHvs8B4mIv5k2kImpuDfYyRcKuYW', 0),
	(345, 13, 72, 100, 'aqc47HxgjBC17Hma14wrzaGxIyKt3Ipd9BhhjOxDqaEyS0IU5f', 0),
	(346, 13, 72, 100, 'lEp2c8AXCEG1RPD96XXEAoPfWHgEBlTX0jZdrAa3eQ56GJfNHd', 0);
/*!40000 ALTER TABLE `COMPRACOMIDA` ENABLE KEYS */;

-- Volcando datos para la tabla tecnisur.COMPRAPAQUETE: ~58 rows (aproximadamente)
/*!40000 ALTER TABLE `COMPRAPAQUETE` DISABLE KEYS */;
REPLACE INTO `COMPRAPAQUETE` (`idpaquete`, `idcompra`, `cantidad`) VALUES
	(2, 11, 2),
	(2, 12, 2),
	(2, 17, 2),
	(2, 19, 2),
	(2, 21, 2),
	(2, 23, 2),
	(2, 27, 2),
	(2, 31, 2),
	(2, 35, 2),
	(2, 41, 2),
	(2, 44, 2),
	(2, 47, 2),
	(2, 52, 2),
	(2, 56, 2),
	(2, 60, 2),
	(2, 65, 2),
	(2, 67, 2),
	(2, 72, 2),
	(2, 77, 2),
	(2, 81, 2),
	(2, 85, 2),
	(2, 89, 2),
	(2, 90, 2),
	(2, 94, 2),
	(2, 95, 2),
	(2, 99, 2),
	(3, 11, 1),
	(3, 12, 1),
	(3, 17, 1),
	(3, 19, 1),
	(3, 21, 1),
	(3, 23, 1),
	(3, 27, 1),
	(3, 31, 1),
	(3, 35, 1),
	(3, 41, 1),
	(3, 44, 1),
	(3, 47, 1),
	(3, 52, 1),
	(3, 56, 1),
	(3, 60, 1),
	(3, 65, 1),
	(3, 67, 1),
	(3, 72, 1),
	(3, 77, 1),
	(3, 81, 1),
	(3, 85, 1),
	(3, 89, 1),
	(3, 90, 1),
	(3, 94, 1),
	(3, 95, 1),
	(3, 99, 1),
	(4, 11, 1),
	(4, 17, 1),
	(4, 21, 1),
	(4, 89, 1),
	(4, 94, 1),
	(5, 14, 1);
/*!40000 ALTER TABLE `COMPRAPAQUETE` ENABLE KEYS */;

-- Volcando datos para la tabla tecnisur.EMPLEADO: ~20 rows (aproximadamente)
/*!40000 ALTER TABLE `EMPLEADO` DISABLE KEYS */;
REPLACE INTO `EMPLEADO` (`idusuario`, `tipo`, `mail`, `password`, `username`, `baja`) VALUES
	(13, '5', 'mail@mail.com', '$2y$10$KCzwXQrtgx7KUGpPS3p7.eJ.B4sD5PlyIZBEFPdjJxT.qDa53aog2', 'nuevonombredeusuario', 0),
	(15, '2', 'mail3@mail3.com', '$2y$10$7rqqksoG1zsbXD14.Fh2WO1JrhYFcY/IAJ9HWjTaxtLlG.fs1.bBu', 'asd', 1),
	(16, '1', 'mail4@mail4.com', '$2y$10$p8lq/s0zRakAi7vf4.WZauPrw9EFgMSrDKMHjLT2dfpKKTxf7Orsq', 'empleado', 0),
	(17, '3', 'mail5@mail5.com', '$2y$10$u.t90Eswhm8w.GRO9x7predhnpyYc6L.Uzll.N8WkW6/DKl2EQhpu', 'asd', 0),
	(21, '1', 'asdasd', '$2y$10$rsiYFJ6RZOU16r7e.bJG7uhto08rxftyEzz3/orOObxyu4f/W05l.', 'adasdsa', 1),
	(22, '4', 'asd', '$2y$10$vDCWkN9odlKMRr9oN0DEhOC2L7fYXeKjUKitajQTms0trGUCUjgDe', 'asd', 1),
	(23, '3', 'asdasd@asdasasdas', '$2y$10$Y29N4vxj3axFfAgyzT07Wezjo5WExQo2QX8rLO.nHPKfL6OLXS9DG', 'hasdasdas', 0),
	(25, '1', 'mailmail@mail.mail', '$2y$10$a6ZlvW.rmN.GBet6tp0Wye5ag2Ayh90puzLp1ZwIEBOmcsqg0ntHe', 'asd', 0),
	(26, '4', 'aly@gmail.com', '$2y$10$cIo.vogGzgkwFDt5iqMKPuYk1jfzraBpCu0ser5su.yY5hFC/k0ra', '99', 1),
	(27, '4', 'mail32@mail32.com', '$2y$10$9vhEczaS3lRJMs8CInpUneezgpDQBz2uZf2y6w6YmzlHIXV8lnsSW', 'usernamee', 1),
	(28, '1', 'asd@asd.asd', '$2y$10$TIBeoFny22wfN2e1b.0W8uNNqpU2We2oKhqw7DjZkQb7WfW9aIw3y', 'asd', 0),
	(29, '5', 'mail1@mail1.com', '$2y$10$jy4YoBAJZk6A2c8QtySh8ecH8wutqBXxGytnq.xFai2ELXd2pbq4a', 'nombredeusuario', 0),
	(30, '1', 'marketing@mail.com', '$2y$10$txCU2BIsHBRizem9LBdDaea0U4jt6Ts2g2CgdRZvAGSfbbqf2yCRC', 'empleado', 0),
	(31, '1', 'mail@mailll.com', '$2y$10$.AEzWH2aOJNTQ.Wc8eEr9Oy7.tZJ8HhjMg9.jgckSy4SP11ypCHUK', 'usuarionuevo11', 0),
	(32, '4', 'organizador@mail.com', '$2y$10$GxkTiwidxK.jjLxeCeBA3eJSY7UZXgZQD4ZWxy8kNfpZHKXknTGBi', 'empleado', 0),
	(33, '3', 'validador@mail.com', '$2y$10$p/npbAEJKQWLSvIsgvZ0eOFmPR78N0uqMQ7.ZoDozgLPK8VE8ti4.', 'validador', 0),
	(34, '2', 'moderador@mail.com', '$2y$10$AGWg/7Jya7lXWNqzVALqXeWL6fi5K4VmJ6vEzb6DxI/hNzM5f8oD6', 'moderador', 0),
	(35, '3', 'otrousuariomas@mail.com', '$2y$10$seYSLjuL3T9fmvcIecd5.e82VcAVa3FFfM53leDJJhYOy4JONU7/q', 'otrousuario', 0),
	(36, '2', 'correoprueba@correoprueba.com', '$2y$10$UNdogHbawWfhkBe69OOojuUTOYMyBApybT1hrmvTRa5KTU.ic9TwO', 'nuevoempleadode prueba', 0),
	(37, '4', 'correito@correito.com', '$2y$10$NtQLhgx/c0YJSuYcSje49.le5LekVbEqTVRt5UBQJ4fa4qtO/2bgG', 'nuevoempleado', 1);
/*!40000 ALTER TABLE `EMPLEADO` ENABLE KEYS */;

-- Volcando datos para la tabla tecnisur.EN: ~39 rows (aproximadamente)
/*!40000 ALTER TABLE `EN` DISABLE KEYS */;
REPLACE INTO `EN` (`idevento`, `fecha`) VALUES
	(61, '2022-02-10 12:00:00'),
	(62, '2022-02-24 12:00:00'),
	(63, '2022-03-24 12:00:00'),
	(64, '2022-03-26 12:00:00'),
	(65, '2022-04-30 12:00:00'),
	(66, '2022-03-17 12:00:00'),
	(67, '2022-04-28 12:00:00'),
	(68, '2022-04-28 12:00:00'),
	(69, '2022-04-29 12:00:00'),
	(70, '2027-01-21 12:00:00'),
	(71, '2021-03-04 12:00:00'),
	(71, '2022-04-21 12:00:00'),
	(72, '2021-03-11 12:00:00'),
	(73, '2022-03-17 12:00:00'),
	(74, '2022-03-17 12:00:00'),
	(75, '2020-10-22 12:00:00'),
	(76, '2023-01-13 12:00:00'),
	(77, '2021-03-11 12:00:00'),
	(78, '2022-04-21 12:00:00'),
	(79, '2022-04-09 12:00:00'),
	(80, '2022-04-21 12:00:00'),
	(81, '2020-12-10 12:00:00'),
	(82, '2021-03-18 12:00:00'),
	(83, '2022-04-07 12:00:00'),
	(84, '2021-03-05 12:00:00'),
	(85, '2022-04-21 12:00:00'),
	(86, '2022-04-15 12:00:00'),
	(87, '2021-03-11 12:00:00'),
	(88, '2021-03-11 12:00:00'),
	(89, '2021-03-11 12:00:00'),
	(90, '2021-03-05 12:00:00'),
	(91, '2022-04-14 12:00:00'),
	(92, '2021-03-11 12:00:00'),
	(93, '2022-04-15 12:00:00'),
	(94, '2022-02-10 12:00:00'),
	(95, '2025-03-13 12:00:00'),
	(96, '2022-04-14 12:00:00'),
	(97, '2022-04-07 12:00:00'),
	(100, '2022-12-23 12:00:00');
/*!40000 ALTER TABLE `EN` ENABLE KEYS */;

-- Volcando datos para la tabla tecnisur.EVENTO: ~29 rows (aproximadamente)
/*!40000 ALTER TABLE `EVENTO` DISABLE KEYS */;
REPLACE INTO `EVENTO` (`idevento`, `nombre`, `idcategoria`, `prioridad`, `descripcion`, `imagen`, `baja`, `idlugar`) VALUES
	(61, 'Lindsey Stirling', 2, 99, 'Lindsey Stirling la promotora de música electrónica, violinista clásica, bailarina y artista, se ha convertido, de manera humilde y silenciosa, en una de las estrellas más innovadoras del siglo XXI. En los cuatro años que han pasado desde la salida de su disco homónimo en 2012, la artista ha sabido imponer su sello, una innovadora visión cinematográfica de la música electrónica conducida por el violín.\r\n\r\nAlcanzó el Nº2 del Billboard Top 200 y el Nº1 del ranking de Dance/Electronic, mantuvo el #1 en el ranking de Musica Clasica por 21 semanas consecutivas, y recibió el Premio Billboard por "Top Dance/Electronic Album". Su segundo trabajo Shatter Me obtuvo una certificación Oro de RIAA y alcanzó el puesto 2 como disco Dance/Electronic y el 1 como Álbum Clásico en el ranking de fin de 2015. Con cerca de 8 millones de suscriptores y más de 1.3 billones de visitas en YouTube en 2016, Forbes ubicó a a Lindsey en el #4 puesto en su lista anual de artistas en YouTube, convirtiéndola en la mujer con mejor posición en las listas. Sus giras convocaron un total de 500.000 personas a nivel mundial y su debut literario The Only Pirate at the Party - coescrito con su hermana Brook S. Passey- se convirtió en un best seller del New York Times.', 'LINSEY_TICKANTEL_700X3901.jpg', 0, 24),
	(62, '1er Festival Cielo Abierto', 2, 1, 'Grilla\r\n\r\nAfrocan\r\n\r\nCarmen Leticia\r\n\r\nCoro Vox Populi Verus\r\n\r\n112 Hip Hop\r\n\r\nGastón Ciarlo “Dino”\r\n\r\nNicolás Molina\r\n\r\nAgua Viva\r\n\r\nVanesa Britos\r\n\r\nFestival único con artistas de los 19 departamentos y de Rosario (Argentina) como ciudad invitada. Cada noche compartirán todas las generaciones y se tendrá la posibilidad de acercarse a distintos estilos: desde el Hip Hop, al Candombe, así como Rock, Plena, y Tango entre otros interpretados por destacados artistas de todo el país. Una grilla dónde 121 músicas y 116 músicos celebrarán en el mayor centro de espectáculos a cielo abierto de Montevideo su 75 aniversario.\r\n\r\nEl Festival también contará una feria de música conformada por distintas organizaciones y colectivos, y con plaza gastronómica inclusiva que contempla opciones para personas con hipertensión, diabetes, intolerancia a la lactosa y/o al gluten.', 'Tickantel_JUEVES_-_700x390.png', 0, 33),
	(63, 'Anabella Viera y Banda', 2, 1, 'Este espectáculo se realiza en el Espacio Felisberto Hernández ubicado en planta Alta por escalera y no cuenta con ascensor\r\n\r\nEn el mes de la mujer, la cantante Anabella Viera y su Banda harán una recorrida por el mundo de la canción en clave femenina. Compositoras, letristas, o famosas protagonistas de canciones populares serán recreadas en esta propuesta, que en formato de trío (voz, guitarra y percusión) darán vida a las Musas del título en un espectáculo que combina belleza y musicalidad.\r\n', '700.png', 0, 10),
	(64, 'Backstreet Boys', 2, 1, '\r\nBackstreet Boys llega a Antel Arena con el exitoso “DNA WORLD TOUR” , la gira más grande en 18 años. La famosa banda estadounidense formada por A.J Mc Lean, Howie Dorough, Brian Littrell, Nick Carter y Kevin Richardson marcó toda una época en los 90, considerándose la banda masculina de pop más importante e influyente de la historia de la música.\r\n\r\nEn 2018, Backstreet Boys celebró 25 años de carrera en la escena musical, lanzando al mercado un nuevo single, el primero en 3 años: Don\'t Go Breaking My Heart. Entre sus éxitos se disfrutarán hits como “I Want it That Way”, “Quit Playing Games With My Heart”, “Everybody”, “As Long As You Love Me”, entre otros.\r\n', 'BSB_-_Tickantel_700_x_390_px.jpg', 0, 1),
	(65, 'Buenos Muchachos', 2, 1, 'Buenos Muchachos en Sala Camacuá', 'buenos700.png', 0, 22),
	(66, 'Concierto a la Carte', 2, 1, 'El primer concierto de la Orquesta Sinfónica del Sodre contará con la presencia del prestigioso Stefan Geige, director germano estable de la Orquestra Sinfónica do Paraná.\r\nEl maestro Geiger interpretará junto a la orquesta dos sinfonías de compositores claves del romanticismo: Schumann y Schubert.\r\nIncentivado por su esposa Clara a incursionar en la forma sinfónica, Schumann comienza a escribir sus primeras dos sinfonías en 1841. La segunda en completar representa la versión original que hoy se conoce como la Sinfonía N°4; una obra dramática que escapa al carácter alegre de su predecesora.\r\nConocida como "La pequeña Do mayor", la Sinfonía N°6 de Schubert rinde homenaje al estilo de Beethoven y Haydn bajo una nueva luz en la que la propia voz del compositor se mantiene siempre a flote.\r\nDirector Stefan Geiger\r\n\r\n· Schumann Sinfonía Nº4\r\n\r\n· Schubert Sinfonía Nº 6\r\n', 'Concierto_a_la_Carte.jpg', 0, 27),
	(67, 'Coro Nacional - Requiem de Cherubini', 2, 1, 'Coro Nacional - Requiem de Cherubini', 'Placas_Tickantel-47.jpg', 0, 27),
	(68, 'Desconcierto', 2, 2, 'EDGARDO MUSCARELLI - HEBER RODRÍGUEZ DÚO  presentan DESCONCIERTO', 'DSC-TKA-03_700_x_390.jpg', 0, 25),
	(69, 'La Decana', 2, 3, 'La Decana se presenta para brindarte y hacerte disfrutar con lo nuevo, los clásicos y éxitos que te hicieron bailar durante mas de cinco décadas.', 'florencio_700.jpg', 0, 28),
	(70, 'Laura Canoura 40 años', 2, 4, 'Laura Canoura, cantante, compositora y principal voz femenina de Uruguay, una de las ma?ximas figuras de la mu?sica popular nacional está celebrando sus 40 an?os de música. Significa un gran mojo?n para la Mu?sica Popular Uruguaya y para su propia trayectoria. Una gran artista que sigue dejando huella musical, luminosa y profunda. La gran voz femenina uruguaya propone en este mojón un repaso de todo su repertorio con versiones nuevas. Acompañada por su banda con dirección, arreglos y piano Andrés Bedó, bajo y contrabajo Andres Pigatto, guitarras Matías Romero, y percusión y batería Pelado Meneses.   Laura Canoura inició estos 40 an?os de mu?sica en noviembre en el Auditorio del Sodre y ahora propone una serie de celebraciones.- una de estas instancias y una oportunidad de festejarlo de modo cercano e íntimo será el próximo 7 de marzo en Magnolio: Una oportunidad u?nica de vivir esta experiencia de recorrer la vida y la obra de la mejor voz femenina de nuestro pai?s.', NULL, 0, 21),
	(71, 'Pitufo Lombardo', 2, 56, 'Tutti Frutti con Pitufo.', 'Magnolio-Pitufo-TicketAntel-BannerWeb.png', 0, 21),
	(72, 'Proyecto 1 - Entropía', 2, 67, 'Proyecto 1 – es el grupo formado por Edu Aguiar, Mingo Araújo y Camila Matoso, vienen desde Brasil en esta noche especial para presentarnos Entropía, dsico de MPB editado en 2019 con la participación de grandes músicos.\r\n\r\nEn esta velada estarán acompañados por: Sara Sabah, Olivia Opizo, Gabriela Morgare, Edu “Pitufo” Lombardo, Carlos Gómez, André Sequeira, Federico Righi, Edu Mauris, Lucía Gatti, Karen Martínez.\r\n\r\nLa apertura del show estará a cargo de Edu Mauris Trío\r\n\r\nEspectáculo apto todo público.', 'TICKANTEL_EDU_AGUIAR.jpg', 0, 24),
	(73, 'Rock progresivo en Camacuá', 2, 49, 'Tres bandas de rock progresivo: Fermata, La invención de Morel y El signo de Moriah.\r\n\r\nSerá una noche para disfrutar de un género poco transitado en el contexto montevideano actual.', 'Camacuá_grande_B.jpg', 0, 22),
	(74, 'Rosado Dulce', 2, 90, 'Sin Palabras cumple diez años y presenta su tercer disco, Rosado Dulce, solo con tangos nuevos. El bandoneón, el contrabajo, el piano y la voz van trazando las melodías y textos de un tango actual y diferente, más cercano al rock and roll que a los farolitos y malevos.', 'banner.jpg', 0, 23),
	(75, 'Sónico', 2, 34, 'El quinteto SÓNICO, basado en Bruselas, rescata el repertorio del compositor Argentino Eduardo Rovira quien es considerado como ‘el otro Astor Piazzolla’ por su rol fundamental en la creación del "tango nuevo" durante la vanguardia porteña de los 50. SONICO profundizara su busqueda en su segundo Album, EDUARDO ROVIRA UNEDITED.', 'TS_TICKANTEL_GENERICO-01.png', 0, 23),
	(76, 'The Beatales', 2, 60, 'The Beatales la Banda Tributo más Beatle de Uruguay. Reproduce la música y la imagen de los Genios de Liverpool sobre el escenario, respetando fielmente los arreglos musicales como así también los vocales.', 'BEATALES_Tickantel.png', 0, 10),
	(77, 'Vermiforme + Bitterdusk', 2, 68, 'VERMIFORME presenta su nuevo disco IRIS Banda invitada BITTERDUSK de Chile', 'Goes_700.png', 0, 25),
	(78, 'Vicentico', 2, 86, 'Cantante excepcional, con estilo y versatilidad únicos que le permite atravesar distintos géneros musicales y enamorar audiencias diferentes, Vicentico pasó, a lo largo de su trayectoria solista y con Los Fabulosos Cadillacs, por el rock, ska, trap, bolero, punk, pop, sin que eso altere su identidad.\r\n\r\nVicentico es un género en sí mismo.', 'VICENTICO_-_700x390.png', 0, 7),
	(79, 'Aires de Mujer', 6, 54, 'El espectáculo musical aborda, desde su concepción musical y escénica, la presencia de mujeres artistias, compositoras y letristas en una de las expresiones musicales más representativas del Río de la Plata: el tango. Bajo creación y dirección musical de la pianista y concertista Polly Ferman, ‘Aires de Mujer’ toma como eje principal la figura de Paquita Bernardo, para expresar su viaje musical en una memoria cultural no siempre reconocida a escala internacional.   Junto a la voz de la cantante Valeria Lima, un cuerpo de baile coreografiado por Vidala Barboza, una orquesta femenina y un poderoso juego de imágenes y luminotecnia, ‘Aires de Mujer’ se erige como un potente espectáculo musical.', 'AIRES_TICKANTEL_700X390.png', 0, 23),
	(80, 'Periferico - proyecto tango', 6, 76, 'Hace 10 años el Colectivo Periférico estrenába en la Zavala Muniz, con la dirección de Federica Folco, su primer obra: Perifperico / proyecto tango. Una propuesta creativa que atiende los modos en que nos relacionamos. Al quitar del centro al virtuosismo, el resultado es una obra que invita a sentir la intimidad de los cuerpos de un tango que se baila atendiendo el afecto y lo sensible. Hoy celebramos volver a realizarla por su vigencia respecto a la danza del tango y a cuestiones sociales que nos ocupan como el género, el poder, el afecto, la tradición y el erotismo.\r\n\r\nHemos trabajado para compartir esta obra en diversos contextos de nuestro pais, nos han invitado a: Brasil, Argentina, Chile, Ecuador, Colombia, España y en marzo de este año al Centro Nacional de la Danza en París. Las experiencias del Colectivo en estos años hace que la obra se transforme reactualizando las cuestiones que inicialmente nos planteamos.', 'Periférico___proyecto_tango_banner_principal.png', 0, 23),
	(81, 'Copa Conmebol Sudamericana', 3, 46, 'Primera Fase\r\nLiverpool vs Llaneros', 'sudamericana_liverpool_llaneros.jpg', 0, 31),
	(82, 'Fórmula-The Beauty Route', 4, 48, '¡Llega al Antel Arena Fórmula - The Beauty Route el primer evento de Beauty de Sudamérica abierto a todo público y dedicado a los #BeautyLovers!\r\n\r\nCon la compra de tu entrada VIP o Estandar te llevás una #BeautyBag llena de productos exclusivos de las mejores marcas.\r\n\r\nEn FÓRMULA vas a encontrar más de 60 marcas internacionales y nacionales de maquillaje, cuidado personal, dermocosmética, cuidado capilar y productos de lujo.\r\n\r\nAdemás, vas a poder conocer todas las tendencias, aprender de tus referentes y youtubers favoritxs, probar productos, participar de sorteos ¡y comprar con importantes descuentos!', 'Banner_principal_700_x_390.jpg', 0, 7),
	(83, 'Los sonámbulos', 4, 76, 'LOS SONÁMBULOS\r\n\r\nSinopsis\r\n\r\nUna mujer, Luisa, y su hija de 14 an?os, sona?mbula, en pleno despertar. Un matrimonio en los bordes de una crisis silenciada. Una familia ritualista y endoga?mica. Abuela, hermanos, primos. Verano, sudor, alcohol, tradiciones. Cuerpos desnudos, cuerpos que cambian y la mirada sobre esos nuevos cuerpos. Un festejo de fin de an?o en la casona histo?rica familiar, es la encerrona calurosa y necesaria para que los sona?mbulos despierten.\r\n\r\n\r\nFicha técnica\r\n\r\nDirección: Paula Hernández\r\n\r\nProductoras: Tarea Fina y Oriental Films\r\n\r\nElenco: Érica Rivas, Ornella D’Elía, Marilú Marini, Luis Ziembrowski, Daniel Hendler, Valeria Lois, Rafael Federman', '700_X_390_antel_sonambulos.jpg', 0, 27),
	(84, 'Proyección - El Holandes Errante', 4, 50, 'El Holandes Errante (Wagner) 14-03-2020\r\n\r\nDisfrutá de los títulos más impactantes, en proyecciones con calidad HD, de las Temporadas del Metropolitan Opera House de Nueva York, y Bolshoi Ballet de Moscú.', 'HOLANDES_TICKANTEL_700X390_(1).png', 0, 23),
	(85, 'Proyección - Giselle', 4, 30, 'Disfrutá de los títulos más impactantes, en proyecciones con calidad HD, de las Temporadas del Metropolitan Opera House de Nueva York, y Bolshoi Ballet de Moscú.', 'GISELLE_TICKANTEL_700X390.png', 0, 23),
	(86, 'Proyección The Met Agrippina', 4, 40, 'Disfrutá de los títulos más impactantes, en proyecciones con calidad HD, de las Temporadas del Metropolitan Opera House de Nueva York, y Bolshoi Ballet de Moscú.', 'AGRIPPINA_TICKANTEL_700X390.png', 0, 23),
	(87, 'Visitas Guiadas Auditorio', 4, 70, 'Las visitas guiadas son una oportunidad de conocer el Auditorio en profundidad.\r\n\r\nUn recorrido por sus instalaciones en las que se pueden combinar diversas actividades, desde el encuentro con el ballet o el conjunto de cámara, hasta una visita a las áreas de producción.\r\n\r\nDurante la visita, además, podrán conocer los diferentes servicios que ofrece la instalación, así como el modelo de gestión de un centro cultural en constante evolución.', 'placa_tickantel-01.jpg', 0, 24),
	(88, 'El Mesías del Tango', 7, 60, '“El Mesías del Tango” (autor: Raúl “Tito” Sadi) es una obra original musical y poética inspirada en Carlos Gardel y sustentada en una alegoría de la narración bíblica. Su historia transcurre a “orillas del Río de la Plata” creando un paralelismo con el río Jordán.\r\n\r\nDicha obra tiene un principio, desarrollo, y final, donde habrá 10 artistas de primer nivel en escena.\r\n\r\nCon un toque de rapsodia ensambla la poesía y la música de temas clásicos y modernos, que alumbran una fantasía como en la antigua Grecia.\r\n\r\nCon partes narradas, cantadas, y bailadas es representativa de los variados momentos de la historia del tango: arrabalero, de salón, y moderno, reflejados en diversas expresiones artísticas en todo el desarrollo del show.\r\n\r\nEl Mesías toma a Carlos Gardel como símbolo afectuoso de los pueblos del continente, no vulnera las creencias religiosas ni los principios del tango. Es la primera obra de estas características, y el espejo de nuestra vida en las dos orillas rioplatenses. Apta para todo público.', '7001.png', 0, 10),
	(89, 'Ellas en la Delmira - Actriz', 7, 50, 'Actriz es un unipersonal de la reconocida actriz argentina Susana Pampin, surge a partir del encuentro con las autobiografías de Liv Ullmann, en las que ella relata en primer a persona las vicisitudes de su oficio y su experiencia de vida. Tomando ese relato en primera per- sona, Actriz pone en escena a una actriz argentina que se presenta ante el público proponiendo un juego: el de la actuación. Actriz condensa en una obra a tres mujeres de tres épocas, pone en diálogo las distintas olas del feminismo de cada época distinta, en la voz de Nora de casa de Muñecas, Liv Ullmann y la actriz Susana Pampin, La obra Actriz habla, no sólo de la tarea de la actuación, sino de lo que es ser mujer en cada momento de la historia.', 'ACTRIZ_TICKANTEL_700X390.png', 0, 23),
	(90, 'Festival Cercania Los Vagos', 7, 70, 'Los Vagos un espectáculo presentado por Los tenedores (Montevideo)', NULL, 0, 20),
	(91, 'La función por hacer', 7, 55, 'La función por hacer, versión libre del clásico pirandelliano Seis personajes en busca de autor escrita por el dramaturgo y director español Miguel del Arco junto a Aitor Tejada.\r\n\r\nCuatro personajes irrumpen en la representación de un montaje actual y reclaman con vehemencia su derecho a contar su historia real, para ellos mucho más interesante que la ficción de nuestros escenarios.\r\n\r\nRealidad y ficción se mezclan en una moderna versión de un clásico de todos los tiempos, que marcó un antes y después en el llamado teatro del absurdo.\r\n\r\nPirandello, escritor italiano que propone en sus obras una renovación del arte escénico basado en la creencia o posibilidad de que la existencia no sea sino un artificio, una gran simulación. La influencia de Pirandello es fundamental para entender a los autores del teatro del absurdo. Miguel del Arco, probablemente el dramaturgo y director más celebrado y premiado del momento en España, respetando la esencia de la obra original, escribe esta versión, LA FUNCION POR HACER llena de ritmo, pasión y a la vez contemporánea, acercándola al siglo XXI.\r\n\r\nSeis Personajes en Busca de Autor, de Luigi Pirandello, es uno de los textos más complejos de la historia del teatro moderno, tanto a nivel de lecturas e interpretaciones como a nivel de comprensión. La Función por Hacer simplifica la idea de Pirandello y la acerca al público, despojándola de todo lo accesorio para quedarse con lo fundamental: la idea del teatro como creación y ese juego a veces macabro entre ficción y realidad que busca Pirandello.', 'Banner_principal.png', 0, 23),
	(92, 'La Verdad', 7, 65, 'LA VERDAD de Florian Zeller, en versión de Fernando Masllorens & Federico González del Pino.\r\n\r\nDirección: Mario Morgan\r\n\r\nMiguel (Humberto de Vargas) está casado con Laura (Adriana da Silva) pero es amante de Alicia (Graciela Rodríguez) que está casada con Pablo, su mejor amigo (Franklin Rodríguez).\r\n\r\nEl dilema es cómo enfrentar esta situación.\r\n\r\nFlorian Zeller, uno de los talentos más reconocidos de Francia, escribe una comedia a propósito de la verdad, "las ventajas de esconderla y los inconvenientes de decirla". ¿Es mejor una verdad cruel que una mentira piadosa? Estos enredos de una picardía extrema sobre un burlador burlado se convirtieron en el mayor éxito teatral en el mundo recibiendo desde el Premio Moliere en Francia al Premio ACE 2019 en Argentina a Mejor comedia. A partir del permanente juego de la verdad y la mentira, de ese reiterado engaño en el amor entre esposos y amantes, se inventa un juego de situaciones en la mejor tradición del vodevil clásico pero con un lenguaje nuevo y moderno. El que esté libre de mentiras que tire la primera piedra.', 'tick_700X390.jpg', 0, 29),
	(93, 'Matrioska', 7, 33, 'Matrioska es un especta?culo unipersonal que narra el periplo de un nin?o, hijo de inmigrantes rusos que llegaron al litoral uruguayo en las primeras de?cadas del Siglo XX. Contada desde la singularidad de esos inmigrantes que construyeron poblados y ciudades, que llegaron huyendo del hambre y de la guerra, que sufrieron el desarraigo de su tierra de origen, pero sin olvidarla nunca, Matrioska es en definitiva la historia de un mestizaje. Como tantos de los que histo?ricamente contribuyeron a la construccio?n de la identidad latinoamericana.', '700_Florencio.jpg', 0, 28),
	(94, 'Patrulla Canina', 7, 56, 'Patrulla Canina en vivo 2020 para divertirse y vivir juntos ayudando con su última operación: Bahía Aventura.', '1.png', 0, 32),
	(95, 'Sala de Profesores', 7, 13, 'Encerrados en una sala de profesores y enfrentados a sus miserias, un grupo de docentes buscan el sentido del liceo y de la educación. ¿Qué sucede cuando todo parece derrumbarse? Recuperar la esperanza en que es posible construir otro futuro, ¿será posible?', 'SDP_Tickantel_700x390.png', 0, 34),
	(96, 'Terrorismo emocional', 7, 64, 'Tras el enorme éxito de público y crítica, que la consagró con tres premios Florencio 2018, regresa la aclamada Terrorismo emocional. Clara se acaba de separar de una relación larga e idílica. De regreso a la casa de sus padres, comienza a vislumbrar la posibilidad de hacer de su ruptura algo creativo. Tal vez el desamor dé sus frutos.', 'TE_tickantel_700x390.png', 0, 34),
	(97, 'YENTL', 7, 76, 'Yentl es una mujer judía apasionada por los estudios en la Europa Oriental de principios del siglo XX. Tras la repentina muerte de su padre, ella se escapa de su hogar y se hace pasar por un hombre para lograr ser aceptada por la comunidad de académicos. Esta transformación desencadenará un triángulo amoroso y la imposibilidad de revelar sus verdaderos sentimientos a la persona que ama. Espectáculo con música klezmer en vivo.\r\n\r\nApta para mayores de 15', 'Yentl_Tickantel.jpg', 0, 24),
	(98, 'evento', 2, 1, 'prueba', NULL, 0, 1),
	(99, 'eventoparatesting', 7, 40, 'nuevadescripcion', NULL, 0, 1),
	(100, 'NuevoEvento', 4, 2, 'descripcion del evento', NULL, 1, 5);
/*!40000 ALTER TABLE `EVENTO` ENABLE KEYS */;

-- Volcando datos para la tabla tecnisur.LUGAR: ~33 rows (aproximadamente)
/*!40000 ALTER TABLE `LUGAR` DISABLE KEYS */;
REPLACE INTO `LUGAR` (`idlugar`, `nombre`, `plazas`, `direccion`, `plano`, `web`, `descripcion`, `baja`) VALUES
	(1, 'Plaza 1ero de mayo', 30000, 'Gral. Flores y Yatay', NULL, 'Sin pagina web', 'Plaza 1ero de mayo', 0),
	(5, 'Radisson Victoria Plaza', 10000, 'Plaza Independencia 759', NULL, 'https://www.radissonvictoriaplaza.com.uy/', 'Radisson Victoria plaza', 0),
	(6, 'Velódromo Municipal', 15000, 'Av. Ramón V. Benzano 3471, 11600 Montevideo', NULL, 'https://www.velodromo.com.uy/', 'Velódromo Municipal', 0),
	(7, 'Antel arena', 15000, 'Dámaso Antonio Larrañaga S/N entre José P. Varela ', 'antel_arena.png', 'https://www.antelarena.com.uy/', 'Antel Arena', 0),
	(8, 'La Trastienda', 700, 'Daniel Fernández Crespo 1763', NULL, 'https://www.latrastienda.com.uy/', 'La Trastienda', 0),
	(10, 'Sala Zitarrosa', 531, 'Av. 18 de julio 1012', 'sala_zitarrosa.png', 'https://salazitarrosa.montevideo.gub.uy/', 'Sala Zitarrosa', 0),
	(11, 'Parque Rodó', 20000, 'Montevideo', NULL, 'https://www.parquerodotuparque.com/', 'Parque Rodó', 0),
	(12, 'Landia', 9500, 'Rambla Costanera, entre Av. Carlos Racine y Av. a la Playa, Ciudad de la Costa', NULL, 'http://landia.com.uy/', 'Descirpcion', 0),
	(13, 'Av Franklin delano y Enrique Burnett', 10000, 'Franklin Delano y Enrique Burnett', NULL, 'Sin pagina web', 'Maldonado', 0),
	(14, 'Obelisco Ciudad de Artigas', 100000, 'Artigas', NULL, 'Sin pagina web', 'Artigas', 0),
	(15, 'Enjoy Punta del Este', 3000, 'Parada 4 Playa Mansa, Rambla Claudio Williman', NULL, 'https://www.enjoy.cl/puntadeleste/', 'Enjoy Punta del Este', 0),
	(16, 'Medio y Medio', 300, 'Punta Ballena K1', NULL, 'http://medioymedio.com/', 'Medio y Medio', 0),
	(17, 'Otro Mundo', 1000, 'Rambla Portuaria', NULL, 'Sin pagina web', 'Otro Mundo', 0),
	(18, 'Estadio Centenario', 60235, 'Montevideo', NULL, 'http://www.estadiocentenario.com.uy/', 'Estadio Centenario', 0),
	(19, 'Hipodromo de San Isidro', 85000, ' GDU San Isidro Buenos Aires AR, Avenida Bernabé Márquez 800', NULL, 'https://hipodromosanisidro.com/', 'Argentina', 0),
	(20, 'Sala Verdi', 245, 'Soriano 914', 'sala_verdi.png', 'https://salaverdi.montevideo.gub.uy/', 'Sala Verdi', 0),
	(21, 'Magnoilio Sala', 450, ' Doctor Pablo de María 1015', 'Magnolio_Sala.png', 'https://magnoliosala.uy/', 'Magnolio Sala', 0),
	(22, 'Sala Camacuá', 260, 'Camacuá 575', NULL, 'http://www.salacamacua.uy/', 'Sala Camacuá', 0),
	(23, 'Teatro Solís', 1500, 'Reconquista S/N esq. Bartolomé Mitre', 'teatro_solis.png', 'https://www.teatrosolis.org.uy/', 'Teatro Solís', 0),
	(24, 'Auditorio Nacional Sodre', 1885, 'Calle Andes esquina Mercedes', 'auditorio_nacional_sodre.png', 'http://www.auditorio.com.uy/', 'Auditorio Nacional Sodre', 0),
	(25, 'Centro Cultural Terminal Goes', 100, 'Gral. Flores y Domingo Aramburú', 'centro_cultural_terminal_goes.png', 'https://culturalgoes.montevideo.gub.uy/', 'Centro Cultural Terminal Goes', 0),
	(26, 'Rambla Wilson Y Bvar Artigas', 30000, 'Rambla Wilson y Bvar Artigas', 'rambla_wilson.png', 'Sin pagina web', 'Rambla Wilson y Bvar Artigas', 0),
	(27, 'Auditorio Nelly Goitiño', 503, 'Av. 18 de Julio 930', 'Auditorio_Nelly_Goitiño.png', 'http://www.sodre.gub.uy/auditorios/audotorionellygoitino', 'Auditorio Nelly Goitiño', 0),
	(28, 'Anfiteatro Paysandú', 20000, 'Paysandú', 'anfiteatro_paysandu.png', 'https://www.paysandu.gub.uy/', 'Paysandú', 0),
	(29, 'Teatro del Notariado', 650, 'Guayabo 1729', 'teatro_del_notariado.png', 'Sin pagina web', 'Teatro del Notariado', 0),
	(30, 'LATU', 250, 'Av Italia 6201', 'LATU.png', 'https://www.latu.org.uy/', 'Laboratorio Tecnologico del Uruguay', 0),
	(31, 'Estadio Luis Franzini', 15000, 'Parque Montero', 'estadio_luis_franzini.png', 'https://defensorsporting.com.uy/institucion/sedes-y-complejos/estadio-luis-franzini/', 'Estadio Luis Franzini', 0),
	(32, 'Teatro el Galpón', 776, 'Av. 18 de Julio 1618', 'teatro_el_galpon.png', 'https://www.teatroelgalpon.org.uy/', 'Teatro el Galpón', 0),
	(33, 'Teatro de Verano', 4235, 'Rambla Pte. Wilson, Montevideo', 'teatro_de_verano.png', 'https://teatrodeverano.montevideo.gub.uy/', 'Teatro de Verano', 0),
	(34, 'Teatro Alianza', 400, 'Paraguay 1217', 'teatro_alianza.png', 'http://www.teatro.alianza.edu.uy/', 'Teatro Alianza', 0),
	(35, 'Luegar editado', 10, 'Nueva direccion', NULL, NULL, 'Descripcion del lugar', 0),
	(36, 'lugardetesting', 1000, 'nuevadireccion', '', 'paginaweb', 'descripcion', 1),
	(37, 'OtroNombre', 40000, 'direccion', '', 'url', 'descripcion', 1);
/*!40000 ALTER TABLE `LUGAR` ENABLE KEYS */;

-- Volcando datos para la tabla tecnisur.MENSAJE: ~24 rows (aproximadamente)
/*!40000 ALTER TABLE `MENSAJE` DISABLE KEYS */;
REPLACE INTO `MENSAJE` (`idmensaje`, `idsala`, `idautor`, `tipoautor`, `mensaje`, `timestamp`) VALUES
	(1, 1, 0, 'INFO', 'Estamos buscando a alguien para atenderte danos un momento', '2020-03-02 08:59:57'),
	(2, 1, 68, 'CLIENTE', 'asd', '2020-03-02 09:00:02'),
	(3, 1, 68, 'CLIENTE', 'hola', '2020-03-02 09:00:06'),
	(4, 1, 0, 'INFO', 'Nuestro empleado N°13 esta aqui para ayudarte, contanos tu inconveniente.', '2020-03-02 09:00:29'),
	(5, 1, 13, 'EMPLEADO', 'buenas, soy el empleado en que puedo ayudarte', '2020-03-02 09:00:48'),
	(6, 2, 0, 'INFO', 'Estamos buscando a alguien para atenderte danos un momento', '2020-03-02 09:01:00'),
	(7, 2, 68, 'CLIENTE', 'asd', '2020-03-02 09:01:03'),
	(8, 2, 0, 'INFO', 'Nuestro empleado N°13 esta aqui para ayudarte, contanos tu inconveniente.', '2020-03-02 09:01:06'),
	(9, 2, 13, 'EMPLEADO', 'Mensaje', '2020-03-02 09:01:11'),
	(10, 3, 0, 'INFO', 'Estamos buscando a alguien para atenderte danos un momento', '2020-03-02 09:12:00'),
	(11, 4, 0, 'INFO', 'Estamos buscando a alguien para atenderte danos un momento', '2020-03-02 09:15:12'),
	(12, 5, 0, 'INFO', 'Estamos buscando a alguien para atenderte danos un momento', '2020-03-02 09:27:02'),
	(13, 6, 0, 'INFO', 'Estamos buscando a alguien para atenderte danos un momento', '2020-03-02 09:28:55'),
	(14, 7, 0, 'INFO', 'Estamos buscando a alguien para atenderte danos un momento', '2020-03-02 09:33:50'),
	(15, 8, 0, 'INFO', 'Estamos buscando a alguien para atenderte danos un momento', '2020-03-02 09:48:34'),
	(16, 9, 0, 'INFO', 'Estamos buscando a alguien para atenderte danos un momento', '2020-03-02 11:16:44'),
	(17, 10, 0, 'INFO', 'Estamos buscando a alguien para atenderte danos un momento', '2020-03-02 20:37:27'),
	(18, 10, 0, 'INFO', 'Nuestro empleado N°13 esta aqui para ayudarte, contanos tu inconveniente.', '2020-03-02 20:37:48'),
	(19, 10, 13, 'EMPLEADO', 'hola', '2020-03-02 20:38:15'),
	(20, 10, 68, 'CLIENTE', 'hola', '2020-03-02 20:38:32'),
	(21, 11, 0, 'INFO', 'Estamos buscando a alguien para atenderte danos un momento', '2020-11-02 21:19:44'),
	(22, 11, 0, 'INFO', 'Nuestro empleado N°13 esta aqui para ayudarte, contanos tu inconveniente.', '2020-11-02 21:20:02'),
	(23, 11, 72, 'CLIENTE', 'Consulta de prueba', '2020-11-02 21:20:19'),
	(24, 11, 13, 'EMPLEADO', 'Respuesta de prueba', '2020-11-02 21:20:35');
/*!40000 ALTER TABLE `MENSAJE` ENABLE KEYS */;

-- Volcando datos para la tabla tecnisur.MENU: ~19 rows (aproximadamente)
/*!40000 ALTER TABLE `MENU` DISABLE KEYS */;
REPLACE INTO `MENU` (`idcomida`, `idevento`, `precio`, `baja`) VALUES
	(1, 72, 20, 0),
	(2, 61, 5, 0),
	(2, 72, 20, 0),
	(3, 72, 20, 0),
	(5, 72, 20, 0),
	(5, 100, 20, 0),
	(6, 72, 20, 0),
	(7, 72, 20, 0),
	(8, 72, 20, 0),
	(9, 72, 20, 0),
	(10, 72, 20, 0),
	(11, 72, 20, 0),
	(12, 72, 20, 0),
	(13, 72, 20, 0),
	(14, 72, 20, 0),
	(15, 72, 20, 0),
	(17, 72, 20, 0),
	(18, 72, 20, 0),
	(19, 72, 20, 0);
/*!40000 ALTER TABLE `MENU` ENABLE KEYS */;

-- Volcando datos para la tabla tecnisur.METODOPAGO: ~12 rows (aproximadamente)
/*!40000 ALTER TABLE `METODOPAGO` DISABLE KEYS */;
REPLACE INTO `METODOPAGO` (`idmetodopago`, `nombre`, `descripcion`, `baja`, `logo`) VALUES
	(1, 'BANDES', 'BANDES', 0, 'bandes-uruguay-blanco.jpg'),
	(2, 'BBVA', 'BBVA', 0, '1556121045_848282_1556124517_noticia_normal.jpg'),
	(3, 'Banque Heritage', 'Banque Heritage', 0, 'banqueheritage-1.jpg'),
	(4, 'HSBC', 'HSBC', 0, 'HSBC-LOGO.jpg'),
	(5, 'Itaú', 'Itaú', 0, '1973722.png'),
	(6, 'Visa', 'Visa', 0, 'VISA-Logo3.jpg'),
	(7, 'Master', 'Master', 0, 'MasterCard_early_1990s_logo1.png'),
	(8, 'BROU', 'BROU', 0, 'unnamed.png'),
	(9, 'Scotiabank', 'Scotiabank', 0, 'logo-scotiabank.png'),
	(10, 'Santander', 'Santander', 0, 'Logo-Santander1.png'),
	(11, 'metododepagotesting', 'sadasdasda', 1, NULL),
	(12, 'Efeectivo', 'Efectivo', 1, NULL);
/*!40000 ALTER TABLE `METODOPAGO` ENABLE KEYS */;

-- Volcando datos para la tabla tecnisur.PAQUETE: ~6 rows (aproximadamente)
/*!40000 ALTER TABLE `PAQUETE` DISABLE KEYS */;
REPLACE INTO `PAQUETE` (`idpaquete`, `idevento`, `nombre`, `baja`, `fecha`, `imagen`) VALUES
	(1, 72, 'nuevopaquete', 0, '2021-03-11 12:00:00', NULL),
	(2, 72, 'otro paquete', 0, '2021-03-11 12:00:00', NULL),
	(3, 72, 'otro paquete mas', 0, '2021-03-11 12:00:00', NULL),
	(4, 72, 'paquete mas', 0, '2021-03-11 12:00:00', NULL),
	(5, 61, 'descuento50%', 0, '2022-02-10 12:00:00', NULL),
	(6, 100, 'paquete nuevo', 0, '2022-12-23 12:00:00', NULL);
/*!40000 ALTER TABLE `PAQUETE` ENABLE KEYS */;

-- Volcando datos para la tabla tecnisur.PAQUETECOMIDA: ~8 rows (aproximadamente)
/*!40000 ALTER TABLE `PAQUETECOMIDA` DISABLE KEYS */;
REPLACE INTO `PAQUETECOMIDA` (`idpaquete`, `idcomida`, `cantidad`, `descuento`) VALUES
	(1, 1, 1, 50),
	(2, 7, 1, 50),
	(3, 1, 2, 50),
	(3, 2, 1, 50),
	(3, 12, 1, 50),
	(4, 1, 1, 50),
	(5, 2, 2, 50),
	(6, 5, 3, 30);
/*!40000 ALTER TABLE `PAQUETECOMIDA` ENABLE KEYS */;

-- Volcando datos para la tabla tecnisur.PAQUETEMETODOPAGO: ~15 rows (aproximadamente)
/*!40000 ALTER TABLE `PAQUETEMETODOPAGO` DISABLE KEYS */;
REPLACE INTO `PAQUETEMETODOPAGO` (`idpaquete`, `idmetodopago`) VALUES
	(2, 1),
	(2, 2),
	(2, 3),
	(2, 4),
	(2, 5),
	(2, 6),
	(3, 1),
	(4, 1),
	(4, 2),
	(4, 3),
	(1, 1),
	(1, 2),
	(1, 3),
	(5, 1),
	(6, 1);
/*!40000 ALTER TABLE `PAQUETEMETODOPAGO` ENABLE KEYS */;

-- Volcando datos para la tabla tecnisur.PAQUETETIPOTICKET: ~4 rows (aproximadamente)
/*!40000 ALTER TABLE `PAQUETETIPOTICKET` DISABLE KEYS */;
REPLACE INTO `PAQUETETIPOTICKET` (`idpaquete`, `idtipoticket`, `cantidad`, `descuento`) VALUES
	(1, 111, 2, 50),
	(1, 113, 2, 50),
	(1, 114, 2, 50),
	(6, 121, 20, 50);
/*!40000 ALTER TABLE `PAQUETETIPOTICKET` ENABLE KEYS */;

-- Volcando datos para la tabla tecnisur.RECUPERACIONES: ~11 rows (aproximadamente)
/*!40000 ALTER TABLE `RECUPERACIONES` DISABLE KEYS */;
REPLACE INTO `RECUPERACIONES` (`idrecuperacion`, `idusuario`, `autogenerado`, `expira`, `validado`) VALUES
	(1, 23, 'FeSFuymGWn5vrCXnNKF2rqH5hi8m1X6HcYnGxJmt6rYy4VVRFB', '2020-03-02 00:00:00', 0),
	(2, 65, 'ssVCYA4QxRIT8haycNg6zhW9tYvuZf3sIZ4Gz8w70f08xbHJYX', '2020-11-03 00:00:00', 0),
	(3, 23, '2lFp7igJBT6x1eesQ2FXMP8BoYUr4sv6ObvVtME4FLBGZP9PSO', '2020-11-03 00:00:00', 0),
	(4, 23, 'QyeNIILecLtgdcgiTPrqXsFYBdaiX9fNHuBqcmEo87EljVEcK6', '2020-11-03 00:00:00', 0),
	(5, 57, 'NFEWg3VavZD05rcBmFn1J3MlKMbUC3IqInmYqh9VgNWmf8YBOm', '2020-11-03 00:00:00', 0),
	(6, 23, 'vkI9zFFZzPssioMHvqKOE0HPLa7QWAMrUvBtahtJ6WcplY7QoR', '2020-11-03 00:00:00', 1),
	(7, 23, 'Ibhnr8s68tn3XgDD7XaanZ2px4RQ2KyLWP9oXCv55S839MGgJR', '2020-11-16 00:00:00', 0),
	(8, 23, 'X1gGX7A5D1f3RbqL6TM3amZuKEQatvarwr7uyIzcKOfBZGm6A9', '2020-11-16 00:00:00', 0),
	(9, 23, 'PoS6X8HNrYzXnuopNFBqP5CGrtWUWrkLPdRMlzANxaKVE9ksOW', '2020-11-16 00:00:00', 0),
	(10, 23, 'voqGfSbdd1IXqZF2DdF6Bulb2qqVZKyv9YboQnC4ol1OkGRXUw', '2020-11-18 00:00:00', 0),
	(11, 73, 'Mm4b7xQM5K6T8D0pR24fE3ZwLDQmRucERhQYPGLUrROzuPYmR2', '2020-11-18 00:00:00', 1);
/*!40000 ALTER TABLE `RECUPERACIONES` ENABLE KEYS */;

-- Volcando datos para la tabla tecnisur.SALA: ~11 rows (aproximadamente)
/*!40000 ALTER TABLE `SALA` DISABLE KEYS */;
REPLACE INTO `SALA` (`idsala`, `idempleado`, `idcliente`, `cerrada`, `expira`) VALUES
	(1, 13, 68, 1, '2020-03-02 12:35:00'),
	(2, 13, 68, 1, '2020-03-02 12:35:22'),
	(3, NULL, 23, 1, '2020-03-02 12:43:00'),
	(4, NULL, 23, 1, '2020-03-02 12:46:12'),
	(5, NULL, 23, 1, '2020-03-02 12:58:02'),
	(6, NULL, 23, 0, '2020-03-02 12:59:55'),
	(7, NULL, 68, 1, '2020-03-02 13:04:50'),
	(8, NULL, 68, 1, '2020-03-02 13:19:34'),
	(9, NULL, 23, 0, '2020-03-02 14:47:59'),
	(10, 13, 68, 0, '2020-03-03 00:10:03'),
	(11, 13, 72, 1, '2020-11-03 00:50:35');
/*!40000 ALTER TABLE `SALA` ENABLE KEYS */;

-- Volcando datos para la tabla tecnisur.SALDO: ~6 rows (aproximadamente)
/*!40000 ALTER TABLE `SALDO` DISABLE KEYS */;
REPLACE INTO `SALDO` (`idrecarga`, `saldo`, `aprobado`, `idusuario`, `fecha`, `idmetodopago`) VALUES
	(1, 10, '2', 68, '2020-03-01 20:03:08', 1),
	(2, 10, '2', 68, '2020-03-01 20:03:11', 1),
	(3, 20, '2', 68, '2020-03-01 20:03:14', 1),
	(4, 50000, '2', 72, '2020-11-02 20:12:13', 6),
	(5, 6000, '1', 23, '2020-11-14 04:45:15', 6),
	(6, 5000, '2', 73, '2020-11-17 19:49:17', 1);
/*!40000 ALTER TABLE `SALDO` ENABLE KEYS */;

-- Volcando datos para la tabla tecnisur.TICKET: ~99 rows (aproximadamente)
/*!40000 ALTER TABLE `TICKET` DISABLE KEYS */;
REPLACE INTO `TICKET` (`idticket`, `numero`, `idtipoticket`, `idcompra`, `autogenerado`, `verificado`) VALUES
	(1, 1, 113, 1, 'QdPib8rIGodhETgqhK9ivFoj3lDfJ3PAhFSsNjbuIoLmh2NyMW', 0),
	(2, 1, 74, 2, 'PnNNFgisl3nm9BjyHJ73Vh3PNSx0814YoSL384wt7TQgu9PcTW', 0),
	(3, 2, 74, 2, 'fOejE2cb3kd7iCZ4F89bBg5sxABnMvk2kylYBxaESnMbZLgFUp', 0),
	(4, 3, 74, 3, 'QUigyUwEfV1QTMPa0IHZ9tXx0lnC97H020gBUNfaJg1C3QN3zv', 0),
	(5, 4, 74, 3, '3IZ0f0mDDvLkvNkMofzEqiVrVYiJ2Re5ze6PestRYebt2wfrMP', 0),
	(6, 1, 75, 4, 'Mp8fyOF6nTzlGlXB1UjuFZwJor3CdjV0J4ghTWngPXCwiA7jur', 0),
	(7, 2, 75, 4, 'NaqkTPLXrZgn00sghlcFB2CdyVOGei72sxmmn8jO7Ac7AEoRZB', 0),
	(8, 3, 75, 5, 'zeC5MtK0jn8SKwaUAyCnKFugrwQWICrhQ4mCx7CRuLJehU9SsL', 0),
	(9, 4, 75, 6, 'uOafX8FT2P5rWgUPnOu87YmA6m4KcOhGDsVAAAtCqy4mPYbdNF', 0),
	(10, 5, 75, 7, 'oUAZTzthGBFmrZ4QZfIMNb5um3aN5KluEWuxvXPczvy0uDQtSz', 0),
	(11, 1, 108, 8, 'eOiaPB3GwPurq3qzTGkMS8R8szD5301hOksEVwkrlPTMTjmN0G', 0),
	(12, 2, 108, 8, 'zSPr1i0En3FpluJN8Fkt7Gj0sckOZkvzdl1eD1T05zqr39fcPz', 0),
	(13, 3, 108, 8, 'GWfZXHbhwbC2KQnL40NY1TxrkBBANr9tnpsk7ECDPfGA53ma4a', 0),
	(14, 1, 94, 9, 'tSBK84irXek3VScNc1IAWM2QbPGYWEopw0aE4s61Hq5Cjhpwj8', 0),
	(15, 2, 113, 11, 'CZmh5SAgHhPITVon351dtVUvZqoc99hL8E3ewEueVkWPfkdjqe', 0),
	(16, 3, 113, 11, 'wU9rp8RNl0WDM5hQjOvO2r8ZgoktHLHeFRF50wTlxPYkVfbf4G', 0),
	(17, 4, 113, 11, '477d6oBrSjczyRrdXrKQMiGLDB1PR5wVcE8j2KKU4WuCOWQLnB', 0),
	(18, 5, 113, 11, 'CaUiVyTWoL1UGeyPxBAhwEe1h3X8PkKruEJqdDmBonw5C5V9Gv', 0),
	(19, 6, 113, 11, 'rcaGdrJbAzvk00ZKqcnNOMbkSNpNX6jojt4xVOIvnePnfO7F0v', 0),
	(20, 1, 115, 11, 'tPiE9bszYpFhNZLSwGGeb3s0qHOynP4QFmvPxXown4Oa3z2zgI', 0),
	(21, 2, 115, 11, 'OrMgrcYgLm6PdMcIBKG0g355e9FhJV0xmMOOZM5K8cAmYM4zwL', 0),
	(22, 3, 115, 11, 'zNPES4Oxlxsm4P9SD8FITOUtaSffsM12zQHsUv0g2tD6iMZWUF', 0),
	(23, 1, 118, 11, 'EOtzhEsxTVjUXTLElFamWcPzj7mi3hXI5rim5LTZGdTE6Fjslt', 0),
	(24, 2, 118, 11, 'OhGERZLdiPufyzHRWMCQMj4FYblhDGLsXr7PqS2IIxYh7F83sK', 0),
	(25, 1, 73, 14, 'pZk3xPum000RUtNTLx92mgOUZautu12U1nYyctUdtV5ooSh9pr', 0),
	(26, 2, 94, 15, 'FiKQg19QEChlYCG9ibRbmIKbYO2OrzP6RAW8B6ZgJgBHSiRbuI', 0),
	(27, 7, 113, 17, 'jULIw74BYCGKZjqG8B4SXhVrAtZ83XWmRH5oP90NLHxL0Yr9zw', 0),
	(28, 8, 113, 17, '2wOXYorXxuUtQMbWa05aNRRlCSj41SB3pp1nOtklXePO00Kb0Q', 0),
	(29, 9, 113, 17, 'mOHd9k6to8lZcLpe8dHtyFHotIoeUp4geLtn6ARuIduUYT876Q', 0),
	(30, 10, 113, 17, 'AFvh3Y0sdURha63EuaflEXy9Sw30EaQeQlwUkwmyrePCkTgO3v', 0),
	(31, 11, 113, 17, '9ItISlfWmT6d7XzDRTadrBrhdMbuAf0KYtsQPHNbAToIQXlIRw', 0),
	(32, 4, 115, 17, 'Vj7nBl9MQK2Qu0kXR9FEkgyJYpGk7yQ2RYqsjzf9kh0OhkM8tr', 0),
	(33, 5, 115, 17, 'MOIlxGKe1RMRUDQk6aUlkeCk3TFP28hOXZ9uGUIILuAG8q0eAV', 0),
	(34, 6, 115, 17, 'zU9bfc4U263jV0j5u00dIMIisQJt5joEexQtKUoM1r6Xrq3Wq3', 0),
	(35, 3, 118, 17, 'a9PSsiIbLNv9sJHidrdCef3ldvLgsckCmavOsdZd1vnue4Nsw0', 0),
	(36, 4, 118, 17, '5Kg96tERK744KqffeIteVvJjZYoMrUNwF3FLwkDhsHmc8BsnjV', 0),
	(37, 3, 94, 18, 'sFRzUYTOQ6OWUwY0pdZNhbUtrDSV5ZNyFF7zD0ot7cq1Jo28B1', 0),
	(38, 12, 113, 21, 'RE3o1qrBgQwrtHkzKXfccDLnjwiP6KAXpDmq4N2kEyL7g6G03W', 0),
	(39, 13, 113, 21, 'dgAZDTvWICHiz6WVx1Jzmn78vnfcoj9BzJBdD79mJQEjXBfuDY', 0),
	(40, 14, 113, 21, '40mc8RAn3YHdAgWctzjDW2uAlscAXQz1QVdZNOnRN44nk1zOBS', 0),
	(41, 15, 113, 21, 'sxVW7hpkRmbrn1mB0aqo1ds6BN7bCI44fZ1ngqI8NTzaVWMW6c', 0),
	(42, 16, 113, 21, 'k8qMe1Alcc4ghjgjGxJpFwieHdbu9iHtq7gF9R1l35CloSE5po', 0),
	(43, 7, 115, 21, 'u5UNkC0v7aNOEeWVT5MUrQZ4boXPundYs8LNLMiSW6HBlEweJi', 0),
	(44, 8, 115, 21, '8b88fkxd91An02wMPhy8avfR6AvDOfVXr46HoDUyFuVFxsrnJ0', 0),
	(45, 9, 115, 21, 'wUwLLDlhgaxc8ZgfGFTAdy59dCBFZlFvfbh1ODj5OQhWPycwd5', 0),
	(46, 5, 118, 21, '6rDbAQOcvOxbjNmBObe7h2YzZO7bklgrMUCnKrAgf8rzVOaK0o', 0),
	(47, 6, 118, 21, 'SirQRqEYCZjTq6N3uyu4OJdgi95tT6SLojCfKgdngxgGE3J8Cd', 0),
	(48, 4, 94, 25, 'd9W5Jf7UqgEiN380EI7ASOmzVXp9gbLukHA3WHXnYBFMFOMkxU', 0),
	(49, 5, 94, 29, 'eHcRLo7AYqui2YyB1PUV5EnaeMwQB27QJjHvIO5GfAZhyyTAoO', 0),
	(50, 6, 94, 33, 'rW7AcfRh5xzYBcXTYCXAixTHN2y5l8nN4vnhKfyQM7OnjMhhof', 0),
	(51, 7, 94, 37, 'trRyopwKbLx4Bm1ilZYUi0D3thQRpMQSeIrD7XniJUnlgoDCoC', 0),
	(52, 8, 94, 38, '2GUB7sirbzSxI64OFyszaFGIypDlLgcOW7p3zIuLhni0tnP9Wi', 0),
	(53, 9, 94, 39, '8uCeQH4CbmKpzJj2Fd86aAjO8LkrF0qOu22lK7XVtIl3rE57Re', 0),
	(54, 10, 94, 42, '6s80HtPxvLvpLIH0dLwbIzBrm8vSoPxuiGvZalxF625SKMSYxp', 0),
	(55, 11, 94, 50, 'EFdAzHYYa76Wk9f0vj5N1v0RNpbwrNU6t8H2PF10N8W7hc8Nwd', 0),
	(56, 12, 94, 54, 'uGwa8r5HdrHacQn7v85nyFUxbqyi7eeCVKN4bSMpktzxjXEP5K', 0),
	(57, 13, 94, 58, 'mttGqCaePOxsuLSxI7o5OksmOMZwcu6zXzfnbqC1f9uJVnhDuF', 0),
	(58, 14, 94, 62, 'm5xVtsraaY8QtIiFrdOimqU8N8IQ1cuni2iLuJVFH4wbNOQe2F', 0),
	(59, 15, 94, 63, 'WZNwWIqwrOvuMM2Nyusx4AqKI9xdlamhaaN6SeDj28OPVRCtl5', 0),
	(60, 16, 94, 70, 'nql8bx55MioLan84gzKY6gHTUzAclVKIl6RwDXBqf0bqnkuETf', 0),
	(61, 1, 91, 74, 'IV8qjEDEAR26DAukLPaBTBwZMR7Uc23UXclhQZVrQYyty2OjSY', 0),
	(62, 2, 91, 74, 'VLzrLmjThvVkqSxL9oK5PA3n4CqSViRR3rjPNCI58DqywXjFl3', 0),
	(63, 3, 91, 74, 'LbEOyJqYBmhsdlUwaH9TNhwdP3b8JwcuIRigAJfc6wEjRyQ2g0', 0),
	(64, 4, 91, 74, 'V4hsh7vsfeZsJHj1YULe6RLLbCj2FA2AEj3WqyoGNo9w5ty4nk', 0),
	(65, 17, 94, 75, 'c8UCDoC6dw1bzvSUQgPQ1QQklLILABbMK5oot1uGywS71K1S1R', 0),
	(66, 18, 94, 79, 'AcCh6zak0RRxTPBQmcekAWIpbLe0OYfoaRGhrQBrHtYBiAsFMG', 0),
	(67, 19, 94, 83, 'vZpBFJR35gtMFMG3gVTArkT9dM76aOhFNGgtq8wwo0i3MZ63U0', 0),
	(68, 20, 94, 87, 'gWCVwzNNkLqmurHJUBnS1ZjKuZWkZ0xgXabtJYg4KHqf98Y3Jm', 0),
	(69, 17, 113, 89, 'O2wJe0ok7sMh6uWXNabzzL7uNv6jhZS62pPgpdBxFnOMRKKFVV', 0),
	(70, 18, 113, 89, 'evHm0vR7P96Hf874pxi05YoTKfEvVAra58w5DocsxjaMsiRRPa', 0),
	(71, 19, 113, 89, 'SU8gOTwtos3PC8X8eBwr33KeQdwH4mRXh0e6UKzicD8PL5X0Hu', 0),
	(72, 20, 113, 89, 'rLxcZnpw5uSXraYFgSqQbDtjseppf6TGRrTQPinVMfSdqRTGJj', 0),
	(73, 21, 113, 89, 'wUXZepeDOtJIaAa3rZmOU84NmuEfbozIjwHxWWaKqUtBuDEWD0', 0),
	(74, 10, 115, 89, 'Lx9Plvk0LvoldISVgORrzil3TQGyMjyxRInddHdZcCkqkdlA1d', 0),
	(75, 11, 115, 89, '1BwnEpdlX0FwyxeWKsDXrQzMgU0Cu2QwDmUiM8DJ9jgHQvDAXh', 0),
	(76, 12, 115, 89, 'yp77co1d1wfR3TeYb06PJf80XZvBAtS8T0g5piirPyiTrxRDxY', 0),
	(77, 7, 118, 89, 'sheBhbANNbgGk9GAf6TyxI6QCxnuaVsDcGetSPgF1xllG2VV9P', 0),
	(78, 8, 118, 89, 'tHyAxa8VFjQ7W3ObwG0Nm2kHn1KjXT8rAG18R93wsUEpXtAuaB', 0),
	(79, 21, 94, 92, 'LyiAFaLx3oqv7DBOgos6BDvrUHc5X2WIAejgp5NsueYBRzq7XT', 0),
	(80, 22, 113, 94, 'OTOV7nj3bc09JhfPjaWRBZVbDQ9ttQHiJwdRTxU5KUetctiwDe', 0),
	(81, 23, 113, 94, 'neejqSaAlEq3Waza1tHWyrRMV4gdAUsY9HhAzraU5BX2LxdN0U', 0),
	(82, 24, 113, 94, 'KzmBliFCvfwYdGFvgfXr93275OFiCFdmeAXASCdoSKn6q3BHiy', 0),
	(83, 25, 113, 94, '8sBazHZfZBUdX9OVKHxX5qHtw7w7POGXhh8RY76YJ0cHa0CUHa', 0),
	(84, 26, 113, 94, 'SNAzg6HMewBUuScCKbJQ9tRma1mMW4WORxo8E5VTCxO6q0Jabt', 0),
	(85, 13, 115, 94, '0lWRH6S4TP9QD0n29284VKBJR1KBbW4ch03Z7W31McRqdfsniA', 0),
	(86, 14, 115, 94, 'rdl3Xd5HOhDStVTxU1tY2fbUFp98MrIeF4hChnk5EXY7TSFOT8', 0),
	(87, 15, 115, 94, 'MWoYQ4n0carVo7ZGKg34mI2lQVevJ7Ew42uU7SUk2mfrte8dvb', 0),
	(88, 9, 118, 94, 'iSUkeKgsfZATwEW0y4StoVPDmjSuxoGPhA9wlpYBpzvVerVMvO', 0),
	(89, 10, 118, 94, 'gUJ6x6pqBWPhL6SVCdlBPKbkFpLBchqscayKgYaSV09G62CJgX', 0),
	(90, 22, 94, 97, 'zdIdaLPCqR6Puj26EGJL07bWo2dKtRu34cgeY5RpXYerhgxWWg', 0),
	(91, 6, 75, 101, 'iFWssBPSzBQLu3eIoI2jzwgEuJXEranJQjbjV1buC2g75uPudR', 0),
	(92, 7, 75, 102, 'F23xYkhCqhCfCc4NlRkPYG5FSHSW5oLKrOip9z2zREPuQUhbMC', 0),
	(93, 1, 92, 103, 'iB8haC565peVEOwIr0Z3aBSDbuDuV20eE8vOLBVQ1aMFZinrin', 0),
	(94, 2, 92, 104, 's4Bhdc8NI91IxNh3imX9iUHcd2tNOEMhJnyWAHJjQL2ozkrRGo', 0),
	(95, 3, 92, 105, 'vtZn7aSKFNNG1rPxfA8br9ldPkvcLOAhizEpKwaqkX6lpVTFv2', 0),
	(96, 4, 92, 106, '1ZiIcwLFjAk5R3tqZ48JoZvqn4KPWreYqxGD3sin2CtUGWlG1u', 0),
	(97, 5, 92, 107, 'roe20XiMjE7aY301XsPBdbWw3TCPw8WYwa1x7kjrYrBWvCXs5N', 0),
	(98, 1, 93, 108, 'z43McEvbbHB4kOgBWg6NgkahanTqynt7swUEapQm7srrgH3dY9', 0),
	(99, 6, 92, 109, 'VdhdaObKILwJzEIq6d8I47vPcyRWBUJx70LiOX2xIyhhc0HjdQ', 0);
/*!40000 ALTER TABLE `TICKET` ENABLE KEYS */;

-- Volcando datos para la tabla tecnisur.TIPOTICKET: ~49 rows (aproximadamente)
/*!40000 ALTER TABLE `TIPOTICKET` DISABLE KEYS */;
REPLACE INTO `TIPOTICKET` (`idtipoticket`, `nombre`, `cantidad`, `numerado`, `referencia`, `precio`, `baja`, `idevento`, `fecha`) VALUES
	(73, 'General', 1885, 0, NULL, 3100, 0, 61, '2022-02-10 12:00:00'),
	(74, 'General', 4235, 0, NULL, 300, 0, 62, '2022-02-24 12:00:00'),
	(75, 'General', 531, 0, NULL, 300, 0, 63, '2022-03-24 12:00:00'),
	(76, 'General', 15000, 0, NULL, 2200, 0, 64, '2022-03-26 12:00:00'),
	(77, 'General', 260, 0, NULL, 850, 0, 65, '2022-04-30 12:00:00'),
	(78, 'Platea', 503, 0, NULL, 450, 0, 66, '2022-03-17 12:00:00'),
	(79, 'general', 503, 0, NULL, 400, 0, 67, '2022-04-28 12:00:00'),
	(80, 'General', 100, 0, NULL, 300, 0, 68, '2022-04-28 12:00:00'),
	(81, 'General', 20000, 0, NULL, 300, 0, 69, '2022-04-29 12:00:00'),
	(82, 'General', 450, 0, NULL, 1300, 0, 70, '2027-01-21 12:00:00'),
	(83, 'General', 450, 0, NULL, 600, 0, 71, '2022-04-21 12:00:00'),
	(84, 'general', 450, 0, NULL, 300, 0, 71, '2021-03-04 12:00:00'),
	(85, 'Platea General', 1885, 0, NULL, 400, 1, 72, '2021-03-11 12:00:00'),
	(86, 'General', 260, 1, NULL, 300, 0, 73, '2022-03-17 12:00:00'),
	(87, 'General', 1500, 0, NULL, 400, 0, 74, '2022-03-17 12:00:00'),
	(88, 'general', 1500, 0, NULL, 400, 0, 75, '2020-10-22 12:00:00'),
	(89, 'General', 531, 0, NULL, 300, 0, 76, '2023-01-13 12:00:00'),
	(90, 'General', 100, 0, NULL, 200, 0, 77, '2021-03-11 12:00:00'),
	(91, 'General', 15000, 0, NULL, 1500, 0, 78, '2022-04-21 12:00:00'),
	(92, 'General', 1500, 0, NULL, 300, 0, 79, '2022-04-09 12:00:00'),
	(93, 'Sector A', 1500, 0, NULL, 400, 0, 80, '2022-04-21 12:00:00'),
	(94, 'Tribuna', 1500, 0, NULL, 150, 0, 81, '2020-12-10 12:00:00'),
	(95, 'General', 15000, 0, NULL, 300, 0, 82, '2021-03-18 12:00:00'),
	(96, 'Platea', 503, 0, NULL, 150, 0, 83, '2022-04-07 12:00:00'),
	(97, 'General', 1500, 0, NULL, 400, 0, 84, '2021-03-05 12:00:00'),
	(98, 'General', 1500, 0, NULL, 400, 0, 85, '2022-04-21 12:00:00'),
	(99, 'General', 1500, 0, NULL, 400, 0, 86, '2022-04-15 12:00:00'),
	(100, 'Foyers', 1885, 0, NULL, 60, 0, 87, '2021-03-11 12:00:00'),
	(101, 'Tertulia', 531, 0, NULL, 200, 0, 88, '2021-03-11 12:00:00'),
	(102, 'General', 1500, 0, NULL, 420, 0, 89, '2021-03-11 12:00:00'),
	(103, 'Tertulia', 245, 0, NULL, 250, 0, 90, '2021-03-05 12:00:00'),
	(104, 'Sector A', 1500, 0, NULL, 400, 0, 91, '2022-04-14 12:00:00'),
	(105, 'Sala', 650, 0, NULL, 590, 0, 92, '2021-03-11 12:00:00'),
	(106, 'Platea', 20000, 0, NULL, 200, 0, 93, '2022-04-15 12:00:00'),
	(107, 'General', 776, 0, NULL, 450, 0, 94, '2022-02-10 12:00:00'),
	(108, 'General', 400, 0, NULL, 450, 0, 95, '2025-03-13 12:00:00'),
	(109, 'General', 400, 0, NULL, 450, 0, 96, '2022-04-14 12:00:00'),
	(110, 'General', 1885, 0, NULL, 590, 0, 97, '2022-04-07 12:00:00'),
	(111, 'tipoticket', 10, 1, NULL, 10, 0, 72, '2021-03-11 12:00:00'),
	(112, 'entrada 2', 10, 1, NULL, 10, 0, 72, '2021-03-11 12:00:00'),
	(113, 'entrada 3', 1800, 0, NULL, 10, 0, 72, '2021-03-11 12:00:00'),
	(114, 'entrada 4', 10, 0, NULL, 10, 0, 72, '2021-03-11 12:00:00'),
	(115, 'entrada 6', 8388607, 0, NULL, 10, 0, 72, '2021-03-11 12:00:00'),
	(116, 'entrada 7', 10, 0, NULL, 10, 0, 72, '2021-03-11 12:00:00'),
	(117, 'entrada 8', 10, 0, NULL, 10, 0, 72, '2021-03-11 12:00:00'),
	(118, 'entrada 8', 10, 0, NULL, 10, 0, 72, '2021-03-11 12:00:00'),
	(119, 'entrada', 10, 0, NULL, 10, 0, 72, '2021-03-11 12:00:00'),
	(120, 'entrada 9', 5, 0, NULL, 10, 0, 72, '2021-03-11 12:00:00'),
	(121, 'general', 200, 0, NULL, 10, 0, 100, '2022-12-23 12:00:00');
/*!40000 ALTER TABLE `TIPOTICKET` ENABLE KEYS */;

/*!40101 SET SQL_MODE=IFNULL(@OLD_SQL_MODE, '') */;
/*!40014 SET FOREIGN_KEY_CHECKS=IF(@OLD_FOREIGN_KEY_CHECKS IS NULL, 1, @OLD_FOREIGN_KEY_CHECKS) */;
/*!40101 SET CHARACTER_SET_CLIENT=@OLD_CHARACTER_SET_CLIENT */;
